-- MySQL dump 10.13  Distrib 8.0.45, for Win64 (x86_64)
--
-- Host: localhost    Database: villagemart
-- ------------------------------------------------------
-- Server version	8.0.44

/*!40101 SET @OLD_CHARACTER_SET_CLIENT=@@CHARACTER_SET_CLIENT */;
/*!40101 SET @OLD_CHARACTER_SET_RESULTS=@@CHARACTER_SET_RESULTS */;
/*!40101 SET @OLD_COLLATION_CONNECTION=@@COLLATION_CONNECTION */;
/*!50503 SET NAMES utf8 */;
/*!40103 SET @OLD_TIME_ZONE=@@TIME_ZONE */;
/*!40103 SET TIME_ZONE='+00:00' */;
/*!40014 SET @OLD_UNIQUE_CHECKS=@@UNIQUE_CHECKS, UNIQUE_CHECKS=0 */;
/*!40014 SET @OLD_FOREIGN_KEY_CHECKS=@@FOREIGN_KEY_CHECKS, FOREIGN_KEY_CHECKS=0 */;
/*!40101 SET @OLD_SQL_MODE=@@SQL_MODE, SQL_MODE='NO_AUTO_VALUE_ON_ZERO' */;
/*!40111 SET @OLD_SQL_NOTES=@@SQL_NOTES, SQL_NOTES=0 */;

--
-- Table structure for table `admins`
--

DROP TABLE IF EXISTS `admins`;
/*!40101 SET @saved_cs_client     = @@character_set_client */;
/*!50503 SET character_set_client = utf8mb4 */;
CREATE TABLE `admins` (
  `id` int NOT NULL AUTO_INCREMENT,
  `name` varchar(100) COLLATE utf8mb4_general_ci NOT NULL,
  `username` varchar(100) COLLATE utf8mb4_general_ci NOT NULL,
  `email` varchar(150) COLLATE utf8mb4_general_ci NOT NULL,
  `password` varchar(255) COLLATE utf8mb4_general_ci NOT NULL,
  `created_at` timestamp NULL DEFAULT CURRENT_TIMESTAMP,
  PRIMARY KEY (`id`),
  UNIQUE KEY `username` (`username`),
  UNIQUE KEY `email` (`email`)
) ENGINE=InnoDB AUTO_INCREMENT=2 DEFAULT CHARSET=utf8mb4 COLLATE=utf8mb4_general_ci;
/*!40101 SET character_set_client = @saved_cs_client */;

--
-- Dumping data for table `admins`
--

LOCK TABLES `admins` WRITE;
/*!40000 ALTER TABLE `admins` DISABLE KEYS */;
INSERT INTO `admins` VALUES (1,'System Admin','admin01','admin@villagemart.com','$2b$10$pK2g02sCqx/3hO9DXtbLB.ZyNQN54dfKiMAPFGRig4dDjngUAwUsO','2026-06-07 15:18:29');
/*!40000 ALTER TABLE `admins` ENABLE KEYS */;
UNLOCK TABLES;

--
-- Table structure for table `delivery_partners`
--

DROP TABLE IF EXISTS `delivery_partners`;
/*!40101 SET @saved_cs_client     = @@character_set_client */;
/*!50503 SET character_set_client = utf8mb4 */;
CREATE TABLE `delivery_partners` (
  `id` int NOT NULL AUTO_INCREMENT,
  `name` varchar(100) CHARACTER SET utf8mb4 COLLATE utf8mb4_general_ci DEFAULT NULL,
  `phone` varchar(15) CHARACTER SET utf8mb4 COLLATE utf8mb4_general_ci DEFAULT NULL,
  `email` varchar(100) CHARACTER SET utf8mb4 COLLATE utf8mb4_general_ci DEFAULT NULL,
  `password` varchar(255) CHARACTER SET utf8mb4 COLLATE utf8mb4_general_ci DEFAULT NULL,
  `vehicle_type` varchar(50) CHARACTER SET utf8mb4 COLLATE utf8mb4_general_ci DEFAULT NULL,
  `vehicle_number` varchar(20) CHARACTER SET utf8mb4 COLLATE utf8mb4_general_ci DEFAULT NULL,
  `is active` tinyint(1) DEFAULT '1',
  `is verified` tinyint(1) DEFAULT '0',
  `created at` timestamp NULL DEFAULT CURRENT_TIMESTAMP,
  `dl_document_url` text COLLATE utf8mb4_general_ci,
  `rc_document_url` text COLLATE utf8mb4_general_ci,
  `aadhaar_document_url` text COLLATE utf8mb4_general_ci,
  `license number` varchar(50) CHARACTER SET utf8mb4 COLLATE utf8mb4_general_ci DEFAULT NULL,
  `aadhaar_number` varchar(20) CHARACTER SET utf8mb4 COLLATE utf8mb4_general_ci DEFAULT NULL,
  `profile_image` text CHARACTER SET utf8mb4 COLLATE utf8mb4_general_ci,
  `status` enum('pending','approved','rejected') CHARACTER SET utf8mb4 COLLATE utf8mb4_general_ci DEFAULT 'pending',
  `role` varchar(20) COLLATE utf8mb4_general_ci NOT NULL DEFAULT 'DELIVERY',
  `wallet_balance` decimal(10,2) NOT NULL DEFAULT '0.00',
  `commission_due_since` timestamp NULL DEFAULT NULL,
  `pending_commission` decimal(10,2) DEFAULT '0.00',
  `commission_deadline` datetime DEFAULT NULL,
  `account_status` enum('APPROVED','PENDING','BLOCKED') COLLATE utf8mb4_general_ci DEFAULT 'APPROVED',
  PRIMARY KEY (`id`),
  UNIQUE KEY `phone` (`phone`),
  KEY `idx_delivery_commission` (`account_status`,`commission_deadline`)
) ENGINE=InnoDB AUTO_INCREMENT=3 DEFAULT CHARSET=utf8mb4 COLLATE=utf8mb4_general_ci;
/*!40101 SET character_set_client = @saved_cs_client */;

--
-- Dumping data for table `delivery_partners`
--

LOCK TABLES `delivery_partners` WRITE;
/*!40000 ALTER TABLE `delivery_partners` DISABLE KEYS */;
INSERT INTO `delivery_partners` VALUES (1,'Raju','6358246902','raj@gmail.com','$2b$10$7XsblvoHMW6VBYwNJzFVfOCoimt4DHaxqYV46FAbPnEMiK1l1ODXq','BIKE',NULL,1,0,'2026-05-21 04:10:28','1779336628749-IMG-20260516-WA0012.jpg',NULL,NULL,'TN57BU6278','839939302022','1779336628748-1000116651.jpg','approved','DELIVERY',0.00,NULL,0.00,NULL,'APPROVED'),(2,'ram','895641235','ram@gmail.com','$2b$10$bVfIDs7DPM3E/6FcELCcpOvLb.Nk9OWJH6s/brAUpZVW1jNTn.NPC','BIKE','TN47AU2389',1,0,'2026-06-07 14:26:15','1780842375736-ideogram-v3.0_Design_a_clean_modern_and_unique_logo_for_a_startup_named_VillageMart_._Concept_-0.jpg',NULL,NULL,'TN47AU2389','896845628624','1780842375734-DL-id.jpeg','approved','DELIVERY',0.00,NULL,0.00,NULL,'APPROVED');
/*!40000 ALTER TABLE `delivery_partners` ENABLE KEYS */;
UNLOCK TABLES;

--
-- Table structure for table `garland_order_schedule`
--

DROP TABLE IF EXISTS `garland_order_schedule`;
/*!40101 SET @saved_cs_client     = @@character_set_client */;
/*!50503 SET character_set_client = utf8mb4 */;
CREATE TABLE `garland_order_schedule` (
  `id` int NOT NULL AUTO_INCREMENT,
  `order id` int NOT NULL,
  `delivery_at` datetime NOT NULL,
  `reminder sent` tinyint(1) NOT NULL DEFAULT '0',
  `last reminder at` datetime DEFAULT NULL,
  `created at` timestamp NULL DEFAULT CURRENT_TIMESTAMP,
  PRIMARY KEY (`id`),
  KEY `idx_garland_order_id` (`order id`),
  KEY `idx_garland_delivery_at` (`delivery_at`)
) ENGINE=InnoDB AUTO_INCREMENT=6 DEFAULT CHARSET=utf8mb4 COLLATE=utf8mb4_general_ci;
/*!40101 SET character_set_client = @saved_cs_client */;

--
-- Dumping data for table `garland_order_schedule`
--

LOCK TABLES `garland_order_schedule` WRITE;
/*!40000 ALTER TABLE `garland_order_schedule` DISABLE KEYS */;
INSERT INTO `garland_order_schedule` VALUES (1,7,'2026-05-23 22:00:00',0,NULL,'2026-05-21 16:17:58'),(2,11,'2026-05-25 19:01:00',0,NULL,'2026-05-23 13:32:40'),(3,26,'2027-06-12 22:00:00',1,'2026-06-12 22:20:56','2026-06-12 16:50:34'),(4,43,'2026-06-22 22:00:00',1,'2026-06-20 14:14:32','2026-06-20 08:42:06'),(5,44,'2026-06-22 22:00:00',1,'2026-06-22 20:46:33','2026-06-20 08:48:47');
/*!40000 ALTER TABLE `garland_order_schedule` ENABLE KEYS */;
UNLOCK TABLES;

--
-- Table structure for table `notifications`
--

DROP TABLE IF EXISTS `notifications`;
/*!40101 SET @saved_cs_client     = @@character_set_client */;
/*!50503 SET character_set_client = utf8mb4 */;
CREATE TABLE `notifications` (
  `id` int NOT NULL AUTO_INCREMENT,
  `user id` int NOT NULL,
  `message` varchar(255) CHARACTER SET utf8mb4 COLLATE utf8mb4_general_ci DEFAULT NULL,
  `is read` tinyint(1) DEFAULT '0',
  `created_at` timestamp NULL DEFAULT CURRENT_TIMESTAMP,
  PRIMARY KEY (`id`)
) ENGINE=InnoDB AUTO_INCREMENT=459 DEFAULT CHARSET=utf8mb4 COLLATE=utf8mb4_general_ci;
/*!40101 SET character_set_client = @saved_cs_client */;

--
-- Dumping data for table `notifications`
--

LOCK TABLES `notifications` WRITE;
/*!40000 ALTER TABLE `notifications` DISABLE KEYS */;
INSERT INTO `notifications` VALUES (1,1,'✅ Order #2 confirmed',1,'2026-05-20 17:13:04'),(2,1,'✅ Order #3 confirmed',1,'2026-05-21 03:38:55'),(3,1,'? Order #3 updated → PICKED',1,'2026-05-21 03:39:03'),(4,1,'? Transport booked from Ayyarmalai - Valayapatty - Kumaramangalam Road, Mettupatty, Valayapatty, Kulithalai, கரூர் மாவட்டம், Tamil Nadu, 639107, India to Kulithalai Bus Stand. Charge ₹123',1,'2026-05-21 04:03:38'),(5,1,'? Your ride OTP is 9902.',1,'2026-05-21 04:03:38'),(6,1,'? Your transport booking #1 has been accepted by a driver',1,'2026-05-21 04:04:19'),(7,1,'? Transport ride #1 → COMPLETED',1,'2026-05-21 04:05:11'),(8,1,'✅ Transport booking #1 confirmed by admin',1,'2026-05-21 04:07:14'),(9,1,'? Order #3 → OUT FOR_DELIVERY',1,'2026-05-21 04:12:05'),(10,1,'✅ Order #3 → DELIVERED',1,'2026-05-21 04:12:09'),(11,1,'✅ Order #1 confirmed',1,'2026-05-21 04:12:34'),(12,1,'? Order #2 → PICKED',1,'2026-05-21 04:13:03'),(13,1,'? Order #2 → OUT FOR_DELIVERY',1,'2026-05-21 04:13:05'),(14,1,'✅ Order #2 → DELIVERED',1,'2026-05-21 04:13:06'),(15,1,'? Order #1 → PICKED',1,'2026-05-21 04:13:08'),(16,1,'? Order #1 → OUT FOR_DELIVERY',1,'2026-05-21 04:13:09'),(17,1,'✅ Order #1 → DELIVERED',1,'2026-05-21 04:13:09'),(18,2,'? Transport booked from Karur to Puliyur. Charge ₹110.55',0,'2026-05-21 07:50:54'),(19,2,'? Your ride OTP is 1199.',0,'2026-05-21 07:50:54'),(20,2,'? Your transport booking #2 has been accepted by a driver',0,'2026-05-21 07:51:05'),(21,2,'? Transport ride #2 → COMPLETED',0,'2026-05-21 07:51:46'),(22,1,'? New Order #4 assigned to you!',1,'2026-05-21 13:28:48'),(23,1,'⚠ User cancelled order #4. Reason: Wrong product',1,'2026-05-21 13:30:37'),(24,1,'? New Order #5 assigned to you!',1,'2026-05-21 13:31:26'),(25,1,'? Order #6 placed successfully! Total: ₹89.00',1,'2026-05-21 15:39:35'),(26,1,'? New Order #6 assigned to you!',1,'2026-05-21 15:39:35'),(27,1,'? Party hall booked on 2026-05-22 18:00-21:00:00. Clarification: 91+ 8903003808',1,'2026-05-21 16:10:02'),(28,1,'? Order #7 placed successfully! Total: ₹5000.00',0,'2026-05-21 16:17:58'),(29,1,'? New Order #7 assigned to you!',0,'2026-05-21 16:17:58'),(30,1,'✅ Your Order has been confirmed by admin and is ready for packaging!',0,'2026-05-22 15:54:40'),(31,1,'✅ Your Order has been confirmed by admin and is ready for packaging!',0,'2026-05-22 16:30:04'),(32,39,'? Order #8 placed successfully! Total: ₹60.00',0,'2026-05-23 10:15:34'),(33,1,'⚠ User cancelled order #8. Reason: Wrong location',0,'2026-05-23 10:16:32'),(34,1,'✅ Your Order has been confirmed by admin and is ready for packaging!',0,'2026-05-23 13:25:10'),(35,1,'? Order #9 placed successfully! Total: ₹120.00',0,'2026-05-23 13:29:45'),(36,1,'? New Order #9 assigned to you!',0,'2026-05-23 13:29:45'),(37,1,'? Order #10 placed successfully! Total: ₹804.50',0,'2026-05-23 13:30:54'),(38,1,'? New Order #10 assigned to you!',0,'2026-05-23 13:30:54'),(39,1,'? Order #11 placed successfully! Total: ₹5000.00',0,'2026-05-23 13:32:40'),(40,1,'? New Order #11 assigned to you!',0,'2026-05-23 13:32:40'),(41,1,'✅ Your Order has been confirmed by admin and is ready for packaging!',0,'2026-05-23 13:33:28'),(42,1,'✅ Your Order has been confirmed by admin and is ready for packaging!',0,'2026-05-23 13:34:42'),(43,1,'? Party hall booked on 2026-05-25 19:00-22:00:00. Clarification: 91+ 8903003808',0,'2026-05-23 15:46:34'),(44,1,'✅ Party hall booking #2 confirmed by admin',0,'2026-05-23 15:46:48'),(45,6,'? Order #12 placed successfully! Total: ₹65.00',0,'2026-05-30 07:50:45'),(46,7,'? Order #13 placed successfully! Total: ₹47.00',1,'2026-06-07 14:09:47'),(47,1,'? New Order #13 assigned to you!',0,'2026-06-07 14:09:47'),(48,7,'✅ Your Order has been confirmed by admin and is ready for packaging!',1,'2026-06-07 14:19:49'),(49,7,'? Order #14 placed successfully! Total: ₹70.00',1,'2026-06-07 14:28:01'),(50,1,'? New Order #14 assigned to you!',0,'2026-06-07 14:28:01'),(51,7,'✅ Order #14 has been confirmed by admin and is ready for packaging!',1,'2026-06-07 14:28:11'),(52,7,'? Order #15 placed successfully! Total: ₹25.00',1,'2026-06-07 14:40:28'),(53,1,'? New Order #15 assigned to you!',0,'2026-06-07 14:40:28'),(54,7,'✅ Your Order #15 has been confirmed by admin and is ready for packaging!',1,'2026-06-07 14:40:41'),(55,7,'? Order #15 has been updated: PICKED and is packaging for transit!',1,'2026-06-07 14:40:56'),(56,7,'? Order #15 status updated: OUT_FOR_DELIVERY is on the way!',1,'2026-06-07 14:41:05'),(57,7,'✅ Order #15 status updated: DELIVERED successfully to doorstep!',1,'2026-06-07 14:41:06'),(58,7,'? Transport (auto) booked from Kulithalai, Karur, Tamil Nadu, 639100, India to Kulithalai, Tamil Nadu 639104, India. Charge ₹31',1,'2026-06-07 14:47:15'),(59,7,'? Your ride OTP is 5354.',1,'2026-06-07 14:47:15'),(60,1,'? New Ride Request #3 assigned to you!',0,'2026-06-07 14:47:15'),(61,7,'? Order #16 placed successfully! Total: ₹30.00',1,'2026-06-07 15:28:46'),(62,1,'? New Order #16 assigned to you!',0,'2026-06-07 15:28:46'),(63,2,'✅ Transport booking #2 confirmed by admin',0,'2026-06-09 14:00:49'),(64,7,'? Order #17 placed successfully! Total: ₹20.00',1,'2026-06-09 14:02:14'),(65,1,'? New Order #17 assigned to you!',0,'2026-06-09 14:02:14'),(66,7,'? Transport (auto) booked from Madavilagam, Karur, Tamil Nadu 639001, India to X36G+2MJ, karuppasamy street, Madavilagam, Thanthoni, Karur, Tamil Nadu 639001, India. Charge ₹27.16',1,'2026-06-10 02:36:39'),(67,7,'? Your ride OTP is 7274.',1,'2026-06-10 02:36:39'),(68,7,'✅ Transport booking #4 confirmed by admin',1,'2026-06-10 02:37:56'),(69,7,'✅ Your Order #17 has been confirmed by admin and is ready for packaging!',1,'2026-06-10 03:09:46'),(70,7,'? Order #17 has been updated: PICKED and is packaging for transit!',1,'2026-06-10 03:24:06'),(71,7,'? Order #17 status updated: OUT_FOR_DELIVERY is on the way!',1,'2026-06-10 03:24:07'),(72,7,'✅ Order #17 status updated: DELIVERED successfully to doorstep!',1,'2026-06-10 03:24:08'),(73,7,'✅ Your order #16 has been accepted by the delivery partner and is preparing for pickup!',1,'2026-06-10 03:28:09'),(74,7,'? Order #16 has been successfully picked up from the store layout and is processing for transit!',1,'2026-06-10 03:28:28'),(75,7,'? Order #16 status updated: OUT_FOR_DELIVERY is on the way to your doorstep!',1,'2026-06-10 03:28:46'),(76,7,'? Order #16 has been delivered successfully! Thank you for shopping with VillageMart.',1,'2026-06-10 03:28:52'),(77,1,'✅ Your order #7 has been accepted by the delivery partner and is preparing for pickup!',0,'2026-06-10 03:30:06'),(78,1,'? Order #7 has been successfully picked up from the store layout and is processing for transit!',0,'2026-06-10 03:30:07'),(79,1,'? Order #7 status updated: OUT_FOR_DELIVERY is on the way to your doorstep!',0,'2026-06-10 03:30:09'),(80,1,'? Order #7 has been delivered successfully! Thank you for shopping with VillageMart.',0,'2026-06-10 03:30:10'),(81,1,'✅ Your order #9 has been accepted by the delivery partner and is preparing for pickup!',0,'2026-06-10 03:30:25'),(82,1,'✅ Your order #9 has been accepted by the delivery partner and is preparing for pickup!',0,'2026-06-10 03:30:28'),(83,1,'? Order #9 has been successfully picked up from the store layout and is processing for transit!',0,'2026-06-10 03:30:29'),(84,1,'? Order #9 status updated: OUT_FOR_DELIVERY is on the way to your doorstep!',0,'2026-06-10 03:30:30'),(85,1,'? Order #9 has been delivered successfully! Thank you for shopping with VillageMart.',0,'2026-06-10 03:30:31'),(86,1,'✅ Your order #3 has been accepted by the delivery partner and is preparing for pickup!',0,'2026-06-10 03:30:33'),(87,1,'✅ Your order #3 has been accepted by the delivery partner and is preparing for pickup!',0,'2026-06-10 03:30:33'),(88,1,'✅ Your order #3 has been accepted by the delivery partner and is preparing for pickup!',0,'2026-06-10 03:30:41'),(89,1,'✅ Your order #2 has been accepted by the delivery partner and is preparing for pickup!',0,'2026-06-10 03:31:08'),(90,1,'? Order #2 has been successfully picked up from the store layout and is processing for transit!',0,'2026-06-10 03:31:09'),(91,1,'? Order #2 status updated: OUT_FOR_DELIVERY is on the way to your doorstep!',0,'2026-06-10 03:31:11'),(92,1,'? Order #2 has been delivered successfully! Thank you for shopping with VillageMart.',0,'2026-06-10 03:31:12'),(93,1,'✅ Your order #1 has been accepted by the delivery partner and is preparing for pickup!',0,'2026-06-10 03:31:13'),(94,1,'? Order #1 has been successfully picked up from the store layout and is processing for transit!',0,'2026-06-10 03:31:15'),(95,1,'? Order #1 status updated: OUT_FOR_DELIVERY is on the way to your doorstep!',0,'2026-06-10 03:31:16'),(96,1,'? Order #1 has been delivered successfully! Thank you for shopping with VillageMart.',0,'2026-06-10 03:31:17'),(97,1,'✅ Your order #3 has been accepted by the delivery partner and is preparing for pickup!',0,'2026-06-10 03:31:19'),(98,1,'✅ Your order #3 has been accepted by the delivery partner and is preparing for pickup!',0,'2026-06-10 03:31:21'),(99,1,'? Order #3 has been successfully picked up from the store layout and is processing for transit!',0,'2026-06-10 03:31:22'),(100,1,'? Order #3 status updated: OUT_FOR_DELIVERY is on the way to your doorstep!',0,'2026-06-10 03:31:24'),(101,1,'? Order #3 has been delivered successfully! Thank you for shopping with VillageMart.',0,'2026-06-10 03:31:25'),(102,7,'? Order #18 placed successfully! Total: ₹45.00',1,'2026-06-10 03:32:04'),(103,1,'? New Order #18 assigned to you!',0,'2026-06-10 03:32:04'),(104,7,'✅ Your order #18 has been accepted by the delivery partner and is preparing for pickup!',1,'2026-06-10 03:38:06'),(105,7,'? Order #18 has been successfully picked up from the store layout and is processing for transit!',1,'2026-06-10 03:38:16'),(106,7,'? Order #18 status updated: OUT_FOR_DELIVERY is on the way!',1,'2026-06-10 03:50:06'),(107,7,'✅ Order #18 status updated: DELIVERED successfully to doorstep!',1,'2026-06-10 03:50:07'),(108,7,'? Order #19 placed successfully! Total: ₹79.00',1,'2026-06-10 03:50:29'),(109,1,'? New Order #19 assigned to you!',0,'2026-06-10 03:50:29'),(110,7,'✅ Your order #19 has been accepted by the delivery partner and is preparing for pickup!',1,'2026-06-10 03:50:42'),(111,7,'✅ Your order #19 has been accepted by the delivery partner and is preparing for pickup!',1,'2026-06-10 03:50:44'),(112,7,'✅ Your order #19 has been accepted by the delivery partner and is preparing for pickup!',1,'2026-06-10 03:50:45'),(113,7,'? Order #19 has been successfully picked up from the store layout and is processing for transit!',1,'2026-06-10 03:50:48'),(114,7,'? Order #19 status updated: OUT_FOR_DELIVERY is on the way to your doorstep!',1,'2026-06-10 03:50:49'),(115,7,'? Order #19 has been delivered successfully! Thank you for shopping with VillageMart.',1,'2026-06-10 03:50:51'),(116,7,'? Order #20 placed successfully! Total: ₹47.00',1,'2026-06-10 03:58:58'),(117,1,'? New Order #20 assigned to you!',0,'2026-06-10 03:58:58'),(118,7,'✅ Your order #20 has been accepted by the delivery partner and is preparing for pickup!',1,'2026-06-10 03:59:06'),(119,7,'✅ Your order #20 has been accepted by the delivery partner and is preparing for pickup!',1,'2026-06-10 03:59:08'),(120,7,'✅ Your order #20 has been accepted by the delivery partner and is preparing for pickup!',1,'2026-06-10 03:59:08'),(121,7,'✅ Your order #20 has been accepted by the delivery partner and is preparing for pickup!',1,'2026-06-10 03:59:09'),(122,7,'? Order #20 has been successfully picked up from the store layout and is processing for transit!',1,'2026-06-10 03:59:11'),(123,7,'? Order #20 status updated: OUT_FOR_DELIVERY is on the way to your doorstep!',1,'2026-06-10 03:59:13'),(124,7,'? Order #20 has been delivered successfully! Thank you for shopping with VillageMart.',1,'2026-06-10 03:59:14'),(125,7,'? Order #21 placed successfully! Total: ₹50.00',1,'2026-06-10 04:25:01'),(126,1,'? New Order #21 assigned to you!',0,'2026-06-10 04:25:01'),(127,7,'✅ Your order #21 has been accepted by the delivery partner and is preparing for pickup!',1,'2026-06-10 04:25:10'),(128,7,'✅ Your Order #21 has been confirmed by admin and is ready for packaging!',1,'2026-06-10 04:26:19'),(129,7,'? Order #21 has been successfully picked up from the store layout and is processing for transit!',1,'2026-06-10 04:26:53'),(130,7,'? Order #21 status updated: OUT_FOR_DELIVERY is on the way to your doorstep!',1,'2026-06-10 04:26:55'),(131,7,'? Order #21 has been delivered successfully! Thank you for shopping with VillageMart.',1,'2026-06-10 04:26:57'),(132,7,'? Order #22 placed successfully! Total: ₹85.00',1,'2026-06-10 04:44:04'),(133,1,'? New Order #22 assigned to you!',0,'2026-06-10 04:44:04'),(134,7,'✅ Your order #22 has been accepted by the delivery partner and is preparing for pickup!',1,'2026-06-10 04:44:13'),(135,7,'? Order #22 has been successfully picked up from the store layout and is processing for transit!',1,'2026-06-10 04:44:17'),(136,7,'? Order #22 status updated: OUT_FOR_DELIVERY is on the way to your doorstep!',1,'2026-06-10 04:44:18'),(137,7,'? Order #22 has been delivered successfully! Thank you for shopping with VillageMart.',1,'2026-06-10 04:44:19'),(138,7,'? Transport (auto) booked from Old bus stand Terminal, Trichy - Karur Main Rd, Muthurajapuram, Jawahar Bazaar, Karur, Tamil Nadu 639001, India to new bus stand, Madavilagam, Karur, Thirumanchanalur, Tamil Nadu 639003, India. Charge ₹46.36',1,'2026-06-10 04:46:22'),(139,7,'? Your ride OTP is 3544.',1,'2026-06-10 04:46:22'),(140,7,'✅ Transport booking #5 confirmed by admin',1,'2026-06-10 04:57:05'),(141,7,'? Your transport booking #3 has been accepted by a driver',1,'2026-06-10 05:01:39'),(142,7,'? Transport (auto) booked from Bus Stand, Madavilagam, Karur, Tamil Nadu 639001, India to Old bus stand Terminal, Trichy - Karur Main Rd, Muthurajapuram, Jawahar Bazaar, Karur, Tamil Nadu 639001, India. Charge ₹25.72',1,'2026-06-10 05:06:58'),(143,7,'? Your ride OTP is 1970.',1,'2026-06-10 05:06:58'),(144,7,'✅ Transport booking #6 confirmed by admin',1,'2026-06-10 05:12:45'),(145,7,'? Your ride #3 has started! OTP verified successfully.',1,'2026-06-10 05:20:21'),(146,7,'? Transport ride #3 → COMPLETED. Thanks for riding with VillageMart!',1,'2026-06-10 05:20:26'),(147,7,'? Your ride OTP is 7385.',1,'2026-06-10 05:22:15'),(148,7,'? Transport (auto) booked from Musiri, Tamil Nadu 621211, India to Kulithalai, Tamil Nadu 639104, India. Charge ₹59.56',1,'2026-06-10 05:22:15'),(149,1,'? New Ride Request #7 assigned to you!',0,'2026-06-10 05:22:15'),(150,7,'? Transport (auto) booked from Kulithalai, Tamil Nadu 639104, India to Karur, Tamil Nadu, India. Charge ₹471.76',1,'2026-06-10 05:23:10'),(151,7,'? Your ride OTP is 6643.',1,'2026-06-10 05:23:10'),(152,1,'? New Ride Request #8 assigned to you!',0,'2026-06-10 05:23:10'),(153,7,'? Your ride #8 has started! OTP verified successfully.',1,'2026-06-10 05:23:53'),(154,7,'? Transport ride #8 → COMPLETED. Thanks for riding with VillageMart!',1,'2026-06-10 05:24:08'),(155,7,'? Your ride #7 has started! OTP verified successfully.',1,'2026-06-10 05:24:53'),(156,7,'? Transport ride #7 → COMPLETED. Thanks for riding with VillageMart!',1,'2026-06-10 05:24:55'),(157,7,'? Transport (auto) booked from Ayyarmalai, Tamil Nadu 639120, India to Thogaimalai, Tamil Nadu 621313, India. Charge ₹248.56',1,'2026-06-10 05:25:40'),(158,7,'? Your ride OTP is 3579.',1,'2026-06-10 05:25:40'),(159,1,'? New Ride Request #9 assigned to you!',0,'2026-06-10 05:25:40'),(160,7,'? Your ride #9 has started! OTP verified successfully.',1,'2026-06-10 05:26:09'),(161,7,'? Transport (auto) booked from Lalapettai, Tamil Nadu 639105, India to Mayanur, Tamil Nadu 639108, India. Charge ₹156.76',1,'2026-06-10 05:45:51'),(162,7,'? Your ride OTP is 3751.',1,'2026-06-10 05:45:51'),(163,7,'? Transport ride #9 → COMPLETED. Thanks for riding with VillageMart!',1,'2026-06-10 05:46:14'),(164,7,'? Transport (auto) booked from Varagur Rd, Vayalur, Tamil Nadu 639119, India to Ayyarmalai, Tamil Nadu 639120, India. Charge ₹67.24',1,'2026-06-10 05:47:07'),(165,7,'? Your ride OTP is 9257.',1,'2026-06-10 05:47:07'),(166,7,'? Your VillageMart ride #10 is confirmed! Driver Name: Ram, Driver Mobile No: 8903003808. Your driver is currently heading to your pickup location.',1,'2026-06-10 05:47:21'),(167,7,'? Your ride #10 has started! OTP verified successfully.',1,'2026-06-10 05:54:09'),(168,7,'? Order #23 placed successfully! Total: ₹195.00',1,'2026-06-12 15:29:51'),(169,1,'? New Order #23 assigned to you!',0,'2026-06-12 15:29:51'),(170,7,'? Order #24 placed successfully! Total: ₹40.00',1,'2026-06-12 16:21:02'),(171,1,'? New Order #24 assigned to you!',0,'2026-06-12 16:21:02'),(172,7,'? Order #24 has been updated: PICKED and is packaging for transit!',1,'2026-06-12 16:27:13'),(173,7,'? Order #24 status updated: OUT_FOR_DELIVERY is on the way!',1,'2026-06-12 16:27:14'),(174,7,'✅ Your Order #24 has been confirmed by admin and is ready for packaging!',1,'2026-06-12 16:27:14'),(175,7,'✅ Order #24 status updated: DELIVERED successfully to doorstep!',1,'2026-06-12 16:27:15'),(176,7,'✅ Your order #23 has been accepted by the delivery partner and is preparing for pickup!',1,'2026-06-12 16:36:16'),(177,7,'? Order #23 has been successfully picked up from the store layout and is processing for transit!',1,'2026-06-12 16:36:18'),(178,7,'? Order #23 status updated: OUT_FOR_DELIVERY is on the way to your doorstep!',1,'2026-06-12 16:36:19'),(179,7,'? Order #23 has been delivered successfully! Thank you for shopping with VillageMart.',1,'2026-06-12 16:36:21'),(180,7,'? Order #25 placed successfully! Total: ₹50.00',1,'2026-06-12 16:36:53'),(181,1,'? New Order #25 assigned to you!',0,'2026-06-12 16:36:53'),(182,7,'✅ Your order #25 has been accepted by the delivery partner and is preparing for pickup!',1,'2026-06-12 16:37:10'),(183,7,'? Order #25 has been successfully picked up from the store layout and is processing for transit!',1,'2026-06-12 16:37:11'),(184,7,'? Order #25 status updated: OUT_FOR_DELIVERY is on the way to your doorstep!',1,'2026-06-12 16:37:13'),(185,7,'? Order #25 has been delivered successfully! Thank you for shopping with VillageMart.',1,'2026-06-12 16:37:14'),(186,7,'? Transport ride #10 → COMPLETED. Thanks for riding with VillageMart!',1,'2026-06-12 16:37:54'),(187,7,'? Transport (Bike) booked from Kulithalai, Tamil Nadu 639104, India to Ayyarmalai, Tamil Nadu 639120, India. Charge ₹72.88',1,'2026-06-12 16:43:54'),(188,7,'? Your ride OTP is 8198.',1,'2026-06-12 16:43:54'),(189,7,'? Your VillageMart ride #12 is confirmed! Driver Name: Ram, Driver Mobile No: 8903003808. Your driver is currently heading to your pickup location.',1,'2026-06-12 16:44:01'),(190,7,'? Your ride #12 has started! OTP verified successfully.',1,'2026-06-12 16:44:12'),(191,7,'? Transport ride #12 → COMPLETED. Thanks for riding with VillageMart!',1,'2026-06-12 16:44:15'),(192,7,'? Order #26 placed successfully! Total: ₹6000.00',1,'2026-06-12 16:50:34'),(193,1,'? New Order #26 assigned to you!',0,'2026-06-12 16:50:34'),(194,7,'✅ Your Order #26 has been confirmed by admin and is ready for packaging!',1,'2026-06-12 16:50:49'),(195,7,'? Reminder: Your garland order #26 is scheduled for 12/6/2027, 10:00:00 pm',1,'2026-06-12 16:50:53'),(196,7,'? Order #26 has been updated: PICKED and is packaging for transit!',1,'2026-06-12 16:50:59'),(197,7,'? Order #26 status updated: OUT_FOR_DELIVERY is on the way!',1,'2026-06-12 16:51:00'),(198,7,'✅ Order #26 status updated: DELIVERED successfully to doorstep!',1,'2026-06-12 16:51:01'),(199,7,'? Transport (Auto) booked from Kulithalai, Karur, Tamil Nadu, 639100, India to Kulithalai, Tamil Nadu 639104, India. Charge ₹31',1,'2026-06-14 10:36:39'),(200,7,'? Your ride OTP is 5005.',1,'2026-06-14 10:36:39'),(201,7,'? Your VillageMart ride #13 is confirmed! Driver Name: Ram, Driver Mobile No: 8903003808. Your driver is currently heading to your pickup location.',1,'2026-06-14 10:40:21'),(202,7,'? Your ride #13 has started! OTP verified successfully.',1,'2026-06-14 10:40:35'),(203,7,'? Transport ride #13 → COMPLETED. Thanks for riding with VillageMart!',1,'2026-06-14 10:40:40'),(204,7,'? Order #27 placed successfully! Total: ₹15.00',1,'2026-06-14 10:41:25'),(205,1,'? New Order #27 assigned to you!',0,'2026-06-14 10:41:25'),(206,7,'✅ Your order #27 has been accepted by the delivery partner and is preparing for pickup!',1,'2026-06-14 10:42:02'),(207,7,'? Order #27 has been successfully picked up from the store layout and is processing for transit!',1,'2026-06-14 10:42:05'),(208,7,'? Order #27 status updated: OUT_FOR_DELIVERY is on the way to your doorstep!',1,'2026-06-14 10:42:05'),(209,7,'? Order #27 has been delivered successfully! Thank you for shopping with VillageMart.',1,'2026-06-14 10:42:06'),(210,7,'? Order #28 placed successfully! Total: ₹65.00',1,'2026-06-14 10:42:20'),(211,1,'? New Order #28 assigned to you!',0,'2026-06-14 10:42:20'),(212,7,'✅ Your order #28 has been accepted by the delivery partner and is preparing for pickup!',1,'2026-06-14 10:47:59'),(213,7,'? Order #28 has been successfully picked up from the store layout and is processing for transit!',1,'2026-06-14 10:48:02'),(214,7,'? Order #28 status updated: OUT_FOR_DELIVERY is on the way to your doorstep!',1,'2026-06-14 10:48:05'),(215,7,'? Order #28 has been delivered successfully! Thank you for shopping with VillageMart.',1,'2026-06-14 10:48:08'),(216,7,'? Order #29 placed successfully! Total: ₹55.00',1,'2026-06-14 10:53:25'),(217,1,'? New Order #29 assigned to you!',0,'2026-06-14 10:53:25'),(218,7,'✅ Your order #29 has been accepted by the delivery partner and is preparing for pickup!',1,'2026-06-14 10:55:27'),(219,7,'? Order #29 has been successfully picked up from the store layout and is processing for transit!',1,'2026-06-14 10:55:37'),(220,7,'? Order #29 status updated: OUT_FOR_DELIVERY is on the way to your doorstep!',1,'2026-06-14 10:58:18'),(221,7,'? Order #29 has been delivered successfully! Thank you for shopping with VillageMart.',1,'2026-06-14 10:58:44'),(222,7,'? Order #30 placed successfully! Total: ₹95.00',1,'2026-06-14 10:59:40'),(223,1,'? New Order #30 assigned to you!',0,'2026-06-14 10:59:40'),(224,7,'? Order #31 placed successfully! Total: ₹145.00',1,'2026-06-14 11:00:03'),(225,1,'? New Order #31 assigned to you!',0,'2026-06-14 11:00:03'),(226,7,'✅ Your order #30 has been accepted by the delivery partner and is preparing for pickup!',1,'2026-06-14 11:00:27'),(227,7,'? Order #30 has been successfully picked up from the store layout and is processing for transit!',1,'2026-06-14 11:00:30'),(228,7,'? Order #30 status updated: OUT_FOR_DELIVERY is on the way to your doorstep!',1,'2026-06-14 11:19:20'),(229,7,'? Order #30 has been delivered successfully! Thank you for shopping with VillageMart.',1,'2026-06-14 11:19:21'),(230,7,'✅ Your order #31 has been accepted by the delivery partner and is preparing for pickup!',1,'2026-06-14 11:19:23'),(231,7,'? Order #31 has been successfully picked up from the store layout and is processing for transit!',1,'2026-06-14 11:19:25'),(232,7,'? Order #31 status updated: OUT_FOR_DELIVERY is on the way to your doorstep!',1,'2026-06-14 11:19:34'),(233,7,'? Order #31 has been delivered successfully! Thank you for shopping with VillageMart.',1,'2026-06-14 11:19:35'),(234,7,'? Order #32 placed successfully! Total: ₹145.00',1,'2026-06-18 12:13:46'),(235,1,'? New Order #32 assigned to you!',0,'2026-06-18 12:13:46'),(236,7,'? Transport (Auto) booked from Kulithalai, Karur, Tamil Nadu, 639100, India to Kottamedu, Tamil Nadu 639120, India. Charge ₹43.36',1,'2026-06-18 12:17:36'),(237,7,'? Your ride OTP is 9825.',1,'2026-06-18 12:17:36'),(238,7,'✅ Your order #32 has been accepted by the delivery partner and is preparing for pickup!',1,'2026-06-18 12:18:16'),(239,7,'? Order #32 has been successfully picked up from the store layout and is processing for transit!',1,'2026-06-18 12:18:18'),(240,7,'? Order #32 status updated: OUT_FOR_DELIVERY is on the way to your doorstep!',1,'2026-06-18 12:19:06'),(241,7,'? Order #32 has been delivered successfully! Thank you for shopping with VillageMart.',1,'2026-06-18 12:19:08'),(242,7,'? Your VillageMart ride #14 is confirmed! Driver Name: Ram, Driver Mobile No: 8903003808. Your driver is currently heading to your pickup location.',1,'2026-06-18 12:19:28'),(243,7,'? Your ride #14 has started! OTP verified successfully.',1,'2026-06-18 12:19:54'),(244,7,'? Transport ride #14 → COMPLETED. Thanks for riding with VillageMart!',1,'2026-06-18 12:20:30'),(245,7,'? Order #33 placed successfully! Total: ₹45.00',1,'2026-06-18 12:34:23'),(246,1,'? New Order #33 assigned to you!',0,'2026-06-18 12:34:23'),(247,7,'✅ Your order #33 has been accepted by the delivery partner and is preparing for pickup!',1,'2026-06-18 12:34:30'),(248,7,'? Order #33 has been successfully picked up from the store layout and is processing for transit!',1,'2026-06-18 12:34:31'),(249,7,'? Order #33 status updated: OUT_FOR_DELIVERY is on the way to your doorstep!',1,'2026-06-18 12:34:33'),(250,7,'? Order #33 has been delivered successfully! Thank you for shopping with VillageMart.',1,'2026-06-18 12:34:34'),(251,7,'? Order #34 placed successfully! Total: ₹65.00',1,'2026-06-18 12:59:49'),(252,1,'? New Order #34 assigned to you!',0,'2026-06-18 12:59:49'),(253,7,'✅ Your order #34 has been accepted by the delivery partner and is preparing for pickup!',1,'2026-06-18 12:59:59'),(254,7,'? Order #34 has been successfully picked up from the store layout and is processing for transit!',1,'2026-06-18 13:00:00'),(255,7,'? Order #34 status updated: OUT_FOR_DELIVERY is on the way to your doorstep!',1,'2026-06-18 13:00:01'),(256,7,'? Order #34 has been delivered successfully! Thank you for shopping with VillageMart.',1,'2026-06-18 13:00:02'),(257,7,'? Transport (Auto) booked from Madavilagam, Karur, Tamil Nadu 639001, India to Kulithalai, Tamil Nadu 639104, India. Charge ₹473.92',1,'2026-06-18 14:40:57'),(258,7,'? Your ride OTP is 5074.',1,'2026-06-18 14:40:57'),(259,7,'? Transport (Auto) booked from Kulithalai, Tamil Nadu 639104, India to Ayyarmalai, Tamil Nadu 639120, India. Charge ₹119.32',1,'2026-06-18 14:42:06'),(260,7,'? Your ride OTP is 7051.',1,'2026-06-18 14:42:06'),(261,7,'? Your VillageMart ride #16 is confirmed! Driver Name: Ram, Driver Mobile No: 8903003808. Your driver is currently heading to your pickup location.',1,'2026-06-18 14:42:23'),(262,7,'? Your ride #16 has started! OTP verified successfully.',1,'2026-06-18 14:42:32'),(263,7,'? Transport ride #16 → COMPLETED. Thanks for riding with VillageMart!',1,'2026-06-18 14:42:33'),(264,7,'? Your VillageMart ride #11 is confirmed! Driver Name: Ram, Driver Mobile No: 8903003808. Your driver is currently heading to your pickup location.',1,'2026-06-19 06:39:56'),(265,7,'? Your ride #11 has started! OTP verified successfully.',1,'2026-06-19 06:41:58'),(266,7,'? Transport ride #11 → COMPLETED. Thanks for riding with VillageMart!',1,'2026-06-19 06:42:00'),(267,7,'? Transport (Auto) booked from Parali, Tamil Nadu 639107, India to Lalapettai, Tamil Nadu 639105, India. Charge ₹155.68',1,'2026-06-19 06:43:17'),(268,7,'? Your ride OTP is 5808.',1,'2026-06-19 06:43:17'),(269,7,'? Your VillageMart ride #17 is confirmed! Driver Name: Ram, Driver Mobile No: 8903003808. Your driver is currently heading to your pickup location.',1,'2026-06-19 06:43:24'),(270,7,'? Your ride #17 has started! OTP verified successfully.',1,'2026-06-19 06:43:32'),(271,7,'? Transport ride #17 → COMPLETED. Thanks for riding with VillageMart!',1,'2026-06-19 06:43:33'),(272,7,'? Order #35 placed successfully! Total: ₹55.00',1,'2026-06-19 06:43:50'),(273,1,'? New Order #35 assigned to you!',0,'2026-06-19 06:43:50'),(274,7,'✅ Your order #35 has been accepted by the delivery partner and is preparing for pickup!',1,'2026-06-19 06:44:11'),(275,7,'? Order #35 has been successfully picked up from the store layout and is processing for transit!',1,'2026-06-19 06:44:13'),(276,7,'? Order #35 status updated: OUT_FOR_DELIVERY is on the way to your doorstep!',1,'2026-06-19 06:44:15'),(277,7,'? Order #35 has been delivered successfully! Thank you for shopping with VillageMart.',1,'2026-06-19 06:44:17'),(278,7,'? Order #36 placed successfully! Total: ₹15.00',1,'2026-06-19 06:45:30'),(279,1,'? New Order #36 assigned to you!',0,'2026-06-19 06:45:30'),(280,7,'✅ Your order #36 has been accepted by the delivery partner and is preparing for pickup!',1,'2026-06-19 06:45:44'),(281,7,'? Order #36 has been successfully picked up from the store layout and is processing for transit!',1,'2026-06-19 06:45:45'),(282,7,'? Order #36 status updated: OUT_FOR_DELIVERY is on the way to your doorstep!',1,'2026-06-19 06:45:46'),(283,7,'? Order #36 has been delivered successfully! Thank you for shopping with VillageMart.',1,'2026-06-19 06:45:47'),(284,8,'? Transport (Auto) booked from Ayyarmalai, Tamil Nadu 639120, India to Sathiyamangalam, Tamil Nadu 639120, India. Charge ₹46.96',1,'2026-06-19 08:35:53'),(285,8,'? Your ride OTP is 1856.',1,'2026-06-19 08:35:53'),(286,8,'? Transport (Bike) booked from Madavilagam, Karur, Tamil Nadu 639001, India to Puliyur, Tamil Nadu 639114, India. Charge ₹75.44',1,'2026-06-19 09:42:55'),(287,8,'? Your ride OTP is 9156.',1,'2026-06-19 09:42:55'),(288,8,'? Transport (Auto) booked from New Central, Bus stand Terminal, Tirumanilaiyur, Karur, Tamil Nadu 639003, India to Manmangalam, Tamil Nadu 639006, India. Charge ₹135.16',1,'2026-06-19 09:44:43'),(289,8,'? Your ride OTP is 9892.',1,'2026-06-19 09:44:43'),(290,8,'? Transport (Bike) booked from Kulithalai, Tamil Nadu 639104, India to Ayyarmalai, Tamil Nadu 639120, India. Charge ₹72.88',1,'2026-06-19 09:54:49'),(291,8,'? Your ride OTP is 3859.',1,'2026-06-19 09:54:49'),(292,8,'? Order #37 placed successfully! Total: ₹55.00',1,'2026-06-19 10:19:36'),(293,1,'? New Order #37 assigned to you!',0,'2026-06-19 10:19:36'),(294,8,'✅ Your order #37 has been accepted by the delivery partner and is preparing for pickup!',1,'2026-06-19 10:20:34'),(295,8,'? Order #37 has been successfully picked up from the store layout and is processing for transit!',1,'2026-06-19 10:20:36'),(296,8,'? Order #37 status updated: OUT_FOR_DELIVERY is on the way to your doorstep!',1,'2026-06-19 10:20:37'),(297,8,'? Order #37 has been delivered successfully! Thank you for shopping with VillageMart.',1,'2026-06-19 10:20:38'),(298,8,'? Transport (bike) booked from Ariyalur, Tamil Nadu, India to Athur, Tamil Nadu 621704, India. Charge ₹29.76',1,'2026-06-20 04:11:21'),(299,8,'? Your ride OTP is 3061.',1,'2026-06-20 04:11:21'),(300,8,'? Your VillageMart ride #22 is confirmed! Driver Name: Ram, Driver Mobile No: 8903003808. Your driver is currently heading to your pickup location.',1,'2026-06-20 06:08:27'),(301,8,'? Your VillageMart ride #21 is confirmed! Driver Name: Ram, Driver Mobile No: 8903003808. Your driver is currently heading to your pickup location.',1,'2026-06-20 06:09:51'),(302,8,'? Your VillageMart ride #20 is confirmed! Driver Name: Ram, Driver Mobile No: 8903003808. Your driver is currently heading to your pickup location.',1,'2026-06-20 06:10:00'),(303,8,'? Transport (auto) booked from Kulithalai, Tamil Nadu 639104, India to Ayyarmalai, Tamil Nadu 639120, India. Charge ₹119.32',1,'2026-06-20 06:19:43'),(304,8,'? Your ride OTP is 6094.',1,'2026-06-20 06:19:43'),(305,8,'? Your VillageMart ride #23 is confirmed! Driver Name: Ram, Driver Mobile No: 8903003808. Your driver is currently heading to your pickup location.',1,'2026-06-20 06:19:55'),(306,8,'? Your ride #23 has started! OTP verified successfully.',1,'2026-06-20 06:20:03'),(307,8,'? Transport ride #23 → COMPLETED. Thanks for riding with VillageMart!',1,'2026-06-20 06:20:05'),(308,8,'? Transport (bike) booked from Madavilagam, Karur, Tamil Nadu 639001, India to New Central, Bus stand Terminal, Tirumanilaiyur, Karur, Tamil Nadu 639003, India. Charge ₹23.84',1,'2026-06-20 06:20:42'),(309,8,'? Your ride OTP is 9984.',1,'2026-06-20 06:20:42'),(310,8,'? Your VillageMart ride #24 is confirmed! Driver Name: Ram, Driver Mobile No: 8903003808. Your driver is currently heading to your pickup location.',1,'2026-06-20 06:21:15'),(311,8,'? Your ride #24 has started! OTP verified successfully.',1,'2026-06-20 06:21:34'),(312,8,'? Transport ride #24 → COMPLETED. Thanks for riding with VillageMart!',1,'2026-06-20 06:21:35'),(313,8,'? Transport (bike) booked from Kulithalai, Tamil Nadu 639104, India to Ayyarmalai, Tamil Nadu 639120, India. Charge ₹72.88',1,'2026-06-20 06:30:39'),(314,8,'? Your ride OTP is 2246.',1,'2026-06-20 06:30:39'),(315,8,'? Your VillageMart ride #1 is confirmed! Driver Name: Ram, Driver Mobile No: 8903003808. Your driver is currently heading to your pickup location.',1,'2026-06-20 06:31:09'),(316,8,'? Your ride #1 has started! OTP verified successfully.',1,'2026-06-20 06:31:59'),(317,8,'? Transport ride #1 → COMPLETED. Thanks for riding with VillageMart!',1,'2026-06-20 06:32:10'),(318,8,'? Transport (bike) booked from Madavilagam, Karur, Tamil Nadu 639001, India to New Central, Bus stand Terminal, Tirumanilaiyur, Karur, Tamil Nadu 639003, India. Charge ₹23.84',1,'2026-06-20 06:54:32'),(319,8,'? Your ride OTP is 1111.',1,'2026-06-20 06:54:32'),(320,8,'? Transport (bike) booked from Kulithalai, Tamil Nadu 639104, India to Ayyarmalai, Tamil Nadu 639120, India. Charge ₹72.88',1,'2026-06-20 07:14:15'),(321,8,'? Your ride OTP is 2381.',1,'2026-06-20 07:14:15'),(322,8,'? Your VillageMart ride #3 is confirmed! Driver Name: dass, Driver Mobile No: 798878687686. Your driver is currently heading to your pickup location.',1,'2026-06-20 07:14:28'),(323,8,'? Your ride #3 has started! OTP verified successfully.',1,'2026-06-20 07:20:18'),(324,8,'? Transport ride #3 → COMPLETED. Thanks for riding with VillageMart!',1,'2026-06-20 07:20:27'),(325,8,'? Your ride OTP is 3281.',1,'2026-06-20 07:23:53'),(326,8,'? Your VillageMart ride #4 is confirmed! Driver Name: Ram, Driver Mobile No: 8903003808. Your driver is currently heading to your pickup location.',1,'2026-06-20 07:24:35'),(327,8,'? Your ride #4 has started! OTP verified successfully.',1,'2026-06-20 07:24:58'),(328,8,'? Transport ride #4 → COMPLETED. Thanks for riding with VillageMart!',1,'2026-06-20 07:25:03'),(329,8,'? Order #38 placed successfully! Total: ₹65.00',1,'2026-06-20 07:26:04'),(330,1,'? New Order #38 assigned to you!',0,'2026-06-20 07:26:05'),(331,8,'✅ Your order #38 has been accepted by the delivery partner and is preparing for pickup!',1,'2026-06-20 07:27:13'),(332,8,'? Order #38 has been successfully picked up from the store layout and is processing for transit!',1,'2026-06-20 07:27:18'),(333,8,'? Order #38 status updated: OUT_FOR_DELIVERY is on the way to your doorstep!',1,'2026-06-20 07:27:38'),(334,8,'? Order #38 has been delivered successfully! Thank you for shopping with VillageMart.',1,'2026-06-20 07:27:40'),(335,7,'? Order #39 placed successfully! Total: ₹45.00',1,'2026-06-20 07:36:32'),(336,1,'? New Order #39 assigned to you!',0,'2026-06-20 07:36:32'),(337,7,'✅ Your order #39 has been accepted by the delivery partner and is preparing for pickup!',1,'2026-06-20 07:37:39'),(338,7,'? Order #39 has been successfully picked up from the store layout and is processing for transit!',1,'2026-06-20 07:37:42'),(339,7,'? Order #40 placed successfully! Total: ₹105.00',1,'2026-06-20 07:42:09'),(340,1,'? New Order #40 assigned to you!',0,'2026-06-20 07:42:09'),(341,7,'? Order #39 status updated: OUT_FOR_DELIVERY is on the way to your doorstep!',1,'2026-06-20 07:42:35'),(342,7,'? Order #39 has been delivered successfully! Thank you for shopping with VillageMart.',1,'2026-06-20 07:42:36'),(343,7,'✅ Your order #40 has been accepted by the delivery partner and is preparing for pickup!',1,'2026-06-20 08:15:02'),(344,7,'? Order #40 has been successfully picked up from the store layout and is processing for transit!',1,'2026-06-20 08:15:03'),(345,7,'? Order #40 status updated: OUT_FOR_DELIVERY is on the way to your doorstep!',1,'2026-06-20 08:15:12'),(346,7,'? Order #40 has been delivered successfully! Thank you for shopping with VillageMart.',1,'2026-06-20 08:15:15'),(347,7,'? Order #41 placed successfully! Total: ₹15.00',1,'2026-06-20 08:16:45'),(348,1,'? New Order #41 assigned to you!',0,'2026-06-20 08:16:45'),(349,7,'✅ Your order #41 has been accepted by the delivery partner and is preparing for pickup!',1,'2026-06-20 08:16:58'),(350,7,'? Order #41 has been successfully picked up from the store layout and is processing for transit!',1,'2026-06-20 08:16:59'),(351,7,'? Order #41 is OUT_FOR_DELIVERY! Share this OTP: 6274 with the driver to receive your order.',1,'2026-06-20 08:17:01'),(352,7,'? Order #41 has been securely delivered via OTP verification! Thank you for shopping with VillageMart.',1,'2026-06-20 08:17:39'),(353,7,'? Order #42 placed successfully! Total: ₹7.00',1,'2026-06-20 08:38:58'),(354,1,'? New Order #42 assigned to you!',0,'2026-06-20 08:38:58'),(355,7,'✅ Your order #42 has been accepted by the delivery partner and is preparing for pickup!',1,'2026-06-20 08:39:09'),(356,7,'? Order #42 has been successfully picked up from the store layout and is processing for transit!',1,'2026-06-20 08:39:11'),(357,7,'? Order #42 is OUT_FOR_DELIVERY! Share this OTP: 2251 with the driver to receive your order.',1,'2026-06-20 08:39:18'),(358,7,'? Order #42 has been securely delivered via OTP verification! Thank you for shopping with VillageMart.',1,'2026-06-20 08:39:48'),(359,7,'? Order #43 placed successfully! Total: ₹6000.00',1,'2026-06-20 08:42:06'),(360,1,'? New Order #43 assigned to you!',0,'2026-06-20 08:42:06'),(361,7,'✅ Your Order #43 has been confirmed by admin and is ready for packaging!',1,'2026-06-20 08:44:15'),(362,7,'? Order #43 has been updated: PICKED and is packaging for transit!',1,'2026-06-20 08:44:19'),(363,7,'? Order #43 status updated: OUT_FOR_DELIVERY is on the way!',1,'2026-06-20 08:44:23'),(364,7,'✅ Order #43 status updated: DELIVERED successfully to doorstep!',1,'2026-06-20 08:44:25'),(365,7,'? Reminder: Your garland order #43 is scheduled for 22/6/2026, 10:00:00 pm',1,'2026-06-20 08:44:29'),(366,7,'? Order #44 placed successfully! Total: ₹66000.00',1,'2026-06-20 08:48:47'),(367,1,'? New Order #44 assigned to you!',0,'2026-06-20 08:48:47'),(368,7,'? Order #45 placed successfully! Total: ₹195.00',1,'2026-06-20 09:13:43'),(369,1,'? New Order #45 assigned to you!',0,'2026-06-20 09:13:43'),(370,7,'? Order #46 placed successfully! Total: ₹125.00',1,'2026-06-20 09:14:10'),(371,1,'? New Order #46 assigned to you!',0,'2026-06-20 09:14:10'),(372,7,'? Order #47 placed successfully! Total: ₹105.00',1,'2026-06-20 09:14:30'),(373,1,'? New Order #47 assigned to you!',0,'2026-06-20 09:14:30'),(374,7,'? Your ride OTP is 6776.',1,'2026-06-22 14:03:43'),(375,7,'? Transport (auto) booked from Kulithalai, Tamil Nadu 639104, India to Lalapettai, Tamil Nadu 639105, India. Charge ₹130.12',1,'2026-06-22 14:03:43'),(376,7,'? Order #48 placed successfully! Total: ₹55.00',1,'2026-06-22 14:38:33'),(377,1,'? New Order #48 assigned to you!',0,'2026-06-22 14:38:33'),(378,7,'✅ Your order #48 has been accepted by the delivery partner and is preparing for pickup!',1,'2026-06-22 14:38:54'),(379,7,'? Order #48 has been successfully picked up from the store layout and is processing for transit!',1,'2026-06-22 14:38:55'),(380,7,'? Order #48 is OUT_FOR_DELIVERY! Share this OTP: 2942 with the driver to receive your order.',1,'2026-06-22 14:38:56'),(381,7,'? Order #48 has been securely delivered via OTP verification! Thank you for shopping with VillageMart.',1,'2026-06-22 14:39:25'),(382,7,'✅ Your order #47 has been accepted by the delivery partner and is preparing for pickup!',1,'2026-06-22 14:39:29'),(383,7,'? Order #47 has been successfully picked up from the store layout and is processing for transit!',1,'2026-06-22 14:39:30'),(384,7,'? Order #47 is OUT_FOR_DELIVERY! Share this OTP: 3332 with the driver to receive your order.',1,'2026-06-22 14:39:31'),(385,7,'? Order #47 has been securely delivered via OTP verification! Thank you for shopping with VillageMart.',1,'2026-06-22 14:39:44'),(386,7,'✅ Your order #46 has been accepted by the delivery partner and is preparing for pickup!',1,'2026-06-22 14:41:01'),(387,7,'? Order #46 has been successfully picked up from the store layout and is processing for transit!',1,'2026-06-22 14:41:03'),(388,7,'? Order #46 is OUT_FOR_DELIVERY! Share this OTP: 9341 with the driver to receive your order.',1,'2026-06-22 14:41:11'),(389,7,'? Order #46 has been securely delivered via OTP verification! Thank you for shopping with VillageMart.',1,'2026-06-22 14:41:22'),(390,7,'? Order #44 has been updated: PICKED and is packaging for transit!',1,'2026-06-22 15:16:26'),(391,7,'? Order #44 status updated: OUT_FOR_DELIVERY is on the way!',1,'2026-06-22 15:16:27'),(392,7,'✅ Order #44 status updated: DELIVERED successfully to doorstep!',1,'2026-06-22 15:16:28'),(393,7,'✅ Your Order #44 has been confirmed by admin and is ready for packaging!',1,'2026-06-22 15:16:29'),(394,7,'? Reminder: Your garland order #44 is scheduled for 22/6/2026, 10:00:00 pm',1,'2026-06-22 15:16:30'),(395,7,'? Transport (bike) booked from WCQ9+8JW, Anna Nagar, Vaigai Nallur Agraharam, Kulithalai, Tamil Nadu 639104, India to Ayyarmalai, Tamil Nadu 639120, India. Charge ₹70.08',1,'2026-06-22 15:37:32'),(396,7,'? Your ride OTP is 3547.',1,'2026-06-22 15:37:32'),(397,7,'? Your VillageMart ride #6 is confirmed! Driver Name: Mohan M, Driver Mobile No: 8903003809. Your driver is currently heading to your pickup location.',1,'2026-06-22 15:38:25'),(398,7,'? Your ride #6 has started! OTP verified successfully.',1,'2026-06-22 15:39:35'),(399,7,'? Transport ride #6 → COMPLETED. Thanks for riding with VillageMart!',1,'2026-06-22 15:39:47'),(400,8,'? Your VillageMart ride #2 is confirmed! Driver Name: Mohan M, Driver Mobile No: 8903003809. Your driver is currently heading to your pickup location.',1,'2026-06-22 15:40:17'),(401,8,'? Your ride #2 has started! OTP verified successfully.',1,'2026-06-22 15:47:26'),(402,8,'? Transport ride #2 → COMPLETED. Thanks for riding with VillageMart!',1,'2026-06-22 15:47:35'),(403,8,'? Transport (bike) booked from Thandai, Tamil Nadu 621211, India to Murali Tower, Bus Stand, Trichy - Karur Main Rd, opposite to Hotel Gateway, Vaigai Nallur Agraharam, Kulithalai, Tamil Nadu 639104, India. Charge ₹31.28',1,'2026-06-25 03:50:51'),(404,8,'? Your ride OTP is 4695.',1,'2026-06-25 03:50:51'),(405,8,'? Transport (bike) booked from Kulithalai, Tamil Nadu 639104, India to Ayyarmalai, Tamil Nadu 639120, India. Charge ₹72.88',1,'2026-06-25 04:07:53'),(406,8,'? Your ride OTP is 5123.',1,'2026-06-25 04:07:53'),(407,8,'? Transport (bike) booked from Ayyarmalai, Tamil Nadu 639120, India to Sathiyamangalam, Tamil Nadu 639120, India. Charge ₹24.64',1,'2026-06-25 04:15:03'),(408,8,'? Your ride OTP is 5542.',1,'2026-06-25 04:15:03'),(409,7,'✅ Your order #45 has been accepted by the delivery partner and is preparing for pickup!',1,'2026-06-25 04:16:15'),(410,7,'? Order #45 has been successfully picked up from the store layout and is processing for transit!',1,'2026-06-25 04:16:16'),(411,7,'? Order #45 is OUT_FOR_DELIVERY! Share this OTP: 9371 with the driver to receive your order.',1,'2026-06-25 04:16:23'),(412,7,'? Order #45 has been securely delivered via OTP verification! Thank you for shopping with VillageMart.',1,'2026-06-25 04:17:09'),(413,7,'? Order #49 placed successfully! Total: ₹10.00',1,'2026-06-25 04:35:12'),(414,1,'? New Order #49 assigned to you!',0,'2026-06-25 04:35:12'),(415,7,'✅ Your order #49 has been accepted by the delivery partner and is preparing for pickup!',1,'2026-06-25 04:35:19'),(416,7,'? Order #49 has been successfully picked up from the store layout and is processing for transit!',1,'2026-06-25 04:35:20'),(417,7,'? Order #49 is OUT_FOR_DELIVERY! Share this OTP: 4525 with the driver to receive your order.',1,'2026-06-25 04:35:25'),(418,7,'? Order #49 has been securely delivered via OTP verification! Thank you for shopping with VillageMart.',1,'2026-06-25 04:35:55'),(419,7,'? Order #50 placed successfully! Total: ₹65.00',1,'2026-06-25 04:49:09'),(420,1,'? New Order #50 assigned to you!',0,'2026-06-25 04:49:09'),(421,7,'✅ Your order #50 has been accepted by the delivery partner and is preparing for pickup!',1,'2026-06-25 04:53:14'),(422,7,'? Order #50 has been successfully picked up from the store layout and is processing for transit!',1,'2026-06-25 04:53:14'),(423,7,'? Order #50 is OUT_FOR_DELIVERY! Share this OTP: 7379 with the driver to receive your order.',1,'2026-06-25 04:53:22'),(424,7,'? Order #50 has been securely delivered via OTP verification! Thank you for shopping with VillageMart.',1,'2026-06-25 04:53:39'),(425,7,'? Order #51 placed successfully! Total: ₹45.00',1,'2026-06-25 04:56:25'),(426,1,'? New Order #51 assigned to you!',0,'2026-06-25 04:56:25'),(427,7,'✅ Your order #51 has been accepted by the delivery partner and is preparing for pickup!',1,'2026-06-25 04:57:32'),(428,7,'? Order #51 has been successfully picked up from the store layout and is processing for transit!',1,'2026-06-25 04:57:33'),(429,7,'? Order #51 is OUT_FOR_DELIVERY! Share this OTP: 9751 with the driver to receive your order.',1,'2026-06-25 04:57:35'),(430,7,'? Order #51 has been securely delivered via OTP verification! Thank you for shopping with VillageMart.',1,'2026-06-25 04:57:52'),(431,7,'? Order #52 placed successfully! Total: ₹55.00',1,'2026-06-25 05:12:37'),(432,1,'? New Order #52 assigned to you!',0,'2026-06-25 05:12:37'),(433,7,'✅ Your order #52 has been accepted by the delivery partner and is preparing for pickup!',1,'2026-06-25 05:13:02'),(434,7,'? Order #52 has been successfully picked up from the store layout and is processing for transit!',1,'2026-06-25 05:13:04'),(435,7,'? Order #52 is OUT_FOR_DELIVERY! Share this OTP: 6226 with the driver to receive your order.',1,'2026-06-25 05:13:06'),(436,7,'? Order #52 has been securely delivered via OTP verification! Thank you for shopping with VillageMart.',1,'2026-06-25 05:13:35'),(437,7,'? Order #53 placed successfully! Total: ₹45.00',1,'2026-06-25 05:19:37'),(438,1,'? New Order #53 assigned to you!',0,'2026-06-25 05:19:37'),(439,7,'✅ Your order #53 has been accepted by the delivery partner and is preparing for pickup!',1,'2026-06-25 05:19:54'),(440,7,'? Order #53 has been successfully picked up from the store layout and is processing for transit!',1,'2026-06-25 05:20:00'),(441,7,'? Order #53 is OUT_FOR_DELIVERY! Share this OTP: 2048 with the driver to receive your order.',1,'2026-06-25 05:20:01'),(442,7,'? Order #53 has been securely delivered via OTP verification! Thank you for shopping with VillageMart.',1,'2026-06-25 05:20:14'),(443,7,'? Order #54 placed successfully! Total: ₹15.00',0,'2026-06-25 05:54:50'),(444,1,'? New Order #54 assigned to you!',0,'2026-06-25 05:54:50'),(445,8,'? Order #55 placed successfully! Total: ₹95.00',1,'2026-06-25 06:26:05'),(446,1,'? New Order #55 assigned to you!',0,'2026-06-25 06:26:05'),(447,8,'? Order #56 placed successfully! Total: ₹15.00',1,'2026-06-25 06:27:05'),(448,1,'? New Order #56 assigned to you!',0,'2026-06-25 06:27:05'),(449,8,'? Order #56 has been updated: PICKED and is packaging for transit!',1,'2026-06-25 06:28:05'),(450,8,'? Order #56 status updated: OUT_FOR_DELIVERY is on the way!',1,'2026-06-25 06:28:07'),(451,8,'✅ Your Order #56 has been confirmed by admin and is ready for packaging!',1,'2026-06-25 06:28:08'),(452,8,'✅ Order #56 status updated: DELIVERED successfully to doorstep!',1,'2026-06-25 06:28:09'),(453,8,'✅ Your order #55 has been accepted by the delivery partner and is preparing for pickup!',1,'2026-06-25 06:28:26'),(454,8,'? Order #55 has been successfully picked up from the store layout and is processing for transit!',1,'2026-06-25 06:28:26'),(455,8,'? Order #55 is OUT_FOR_DELIVERY! Share this OTP: 3864 with the driver to receive your order.',1,'2026-06-25 06:28:33'),(456,8,'? Order #55 has been securely delivered via OTP verification! Thank you for shopping with VillageMart.',1,'2026-06-25 06:28:46'),(457,8,'? Order #57 placed successfully! Total: ₹85.00',0,'2026-06-25 07:44:28'),(458,1,'? New Order #57 assigned to you!',0,'2026-06-25 07:44:28');
/*!40000 ALTER TABLE `notifications` ENABLE KEYS */;
UNLOCK TABLES;

--
-- Table structure for table `order_items`
--

DROP TABLE IF EXISTS `order_items`;
/*!40101 SET @saved_cs_client     = @@character_set_client */;
/*!50503 SET character_set_client = utf8mb4 */;
CREATE TABLE `order_items` (
  `id` int NOT NULL AUTO_INCREMENT,
  `order_id` int NOT NULL,
  `product_id` varchar(50) COLLATE utf8mb4_general_ci DEFAULT NULL,
  `product_name` varchar(150) COLLATE utf8mb4_general_ci DEFAULT NULL,
  `unit_price` decimal(10,2) NOT NULL,
  `weight` decimal(10,2) NOT NULL,
  `total_price` decimal(10,2) NOT NULL,
  `image` text COLLATE utf8mb4_general_ci,
  `category` varchar(50) COLLATE utf8mb4_general_ci DEFAULT NULL,
  `deliveryDate` datetime DEFAULT NULL,
  `slot` enum('morning','evening') COLLATE utf8mb4_general_ci DEFAULT NULL,
  PRIMARY KEY (`id`),
  KEY `order id` (`order_id`)
) ENGINE=InnoDB AUTO_INCREMENT=93 DEFAULT CHARSET=utf8mb4 COLLATE=utf8mb4_general_ci;
/*!40101 SET character_set_client = @saved_cs_client */;

--
-- Dumping data for table `order_items`
--

LOCK TABLES `order_items` WRITE;
/*!40000 ALTER TABLE `order_items` DISABLE KEYS */;
INSERT INTO `order_items` VALUES (1,1,'1','Ghee',21.00,0.50,10.50,'https://cdn.shopify.com/s/files/1/0586/8234/3501/files/cow_desi_ghee_image.webp?v=1742634983','Groceries',NULL,NULL),(2,2,'3','Raw Rice',105.00,0.50,52.50,'https://www.aramiyarkai.com/admin/images/blog/ponni-raw_BID53.webp','Groceries',NULL,NULL),(3,3,'1','Ghee',21.00,0.50,10.50,'https://cdn.shopify.com/s/files/1/0586/8234/3501/files/cow_desi_ghee_image.webp?v=1742634983','Groceries',NULL,NULL),(4,4,'4','Sugar',53.00,0.50,26.50,'https://i0.wp.com/vrmshoppe.com/wp-content/uploads/2021/05/white-sugar-500x500-1.jpg?fit=500%2C500&ssl=1','Groceries',NULL,NULL),(5,5,'4','Sugar',53.00,1.00,53.00,'https://i0.wp.com/vrmshoppe.com/wp-content/uploads/2021/05/white-sugar-500x500-1.jpg?fit=500%2C500&ssl=1','Groceries',NULL,NULL),(6,6,'2','Urad Dal (Black Gram Dal)',84.00,1.00,84.00,'https://cdn.shopify.com/s/files/1/0627/8266/8969/files/Chana_Dal_480x480.webp?v=1705988578','Groceries',NULL,NULL),(7,7,'58','Pedals&Jamangi',5000.00,1.00,5000.00,'https://i.pinimg.com/736x/d8/23/3b/d8233b11818cf0d483d53fe591921f62.jpg','Garlands','2026-05-23 22:00:00',NULL),(8,8,'8','Black Pepper',110.00,0.50,55.00,'https://img500.exportersindia.com/product_images/bc-500/2024/8/13659881/black-pepper-powder-1722486404-7545723.jpeg','Groceries',NULL,NULL),(9,9,'42','Pinapple',50.00,0.50,25.00,'https://images.unsplash.com/photo-1550258987-190a2d41a8ba?q=80&w=687&auto=format&fit=crop&ixlib=rb-4.1.0&ixid=M3wxMjA3fDB8MHxwaG90by1wYWdlfHx8fGVufDB8fHx8fA%3D%3D','Fruits',NULL,NULL),(10,9,'41','Banana',30.00,0.50,15.00,'https://images.unsplash.com/photo-1571771894821-ce9b6c11b08e?q=80&w=880&auto=format&fit=crop&ixlib=rb-4.1.0&ixid=M3wxMjA3fDB8MHxwaG90by1wYWdlfHx8fGVufDB8fHx8fA%3D%3D','Fruits',NULL,NULL),(11,9,'44','Grapes',70.00,0.50,35.00,'https://i.pinimg.com/736x/93/90/e6/9390e6cd144f89705ab95dcb0c60fb41.jpg','Fruits',NULL,NULL),(12,9,'43','Apple',80.00,0.50,40.00,'https://i.pinimg.com/736x/50/6b/4e/506b4ed1f20085d68b8b4f403bb110d4.jpg','Fruits',NULL,NULL),(13,10,'28','Onion',85.00,0.50,42.50,'https://produits.bienmanger.com/36700-0w470h470_Organic_Red_Onion_From_Italy.jpg','Vegetables',NULL,NULL),(14,10,'31','Broccoli',30.00,0.50,15.00,'https://www.vegetables.co.nz/assets/Vegetables-co-nz/Vegetables/broccoli__FitMaxWzYxNSw2MTVd.jpg','Vegetables',NULL,NULL),(15,10,'35','Ginger',20.00,0.50,10.00,'https://www.vegetables.co.nz/assets/Vegetables-co-nz/Vegetables/ginger__FitMaxWzYxNSw2MTVd.jpg','Vegetables',NULL,NULL),(16,10,'30','Cabbages',40.00,0.50,20.00,'https://www.vegetables.co.nz/assets/Vegetables-co-nz/Vegetables/cabbages-v2__FitMaxWzYxNSw2MTVd.jpg','Vegetables',NULL,NULL),(17,10,'33','Beetroot',60.00,0.50,30.00,'https://www.vegetables.co.nz/assets/Vegetables-co-nz/Vegetables/beetroot__FitMaxWzYxNSw2MTVd.jpg','Vegetables',NULL,NULL),(18,10,'32','Capsicums ',50.00,0.50,25.00,'https://www.vegetables.co.nz/assets/Vegetables-co-nz/Vegetables/capsicums__FitMaxWzYxNSw2MTVd.jpg','Vegetables',NULL,NULL),(19,10,'34','Cauliflower',50.00,0.50,25.00,'https://www.vegetables.co.nz/assets/Vegetables-co-nz/Vegetables/cauliflower__FitMaxWzYxNSw2MTVd.jpg','Vegetables',NULL,NULL),(20,10,'29','Beans',30.00,0.50,15.00,'https://www.vegetables.co.nz/assets/Vegetables-co-nz/Vegetables/beans__FitMaxWzYxNSw2MTVd.jpg','Vegetables',NULL,NULL),(21,10,'36','Okra',40.00,0.50,20.00,'https://www.vegetables.co.nz/assets/Vegetables-co-nz/Vegetables/okra__FitMaxWzYxNSw2MTVd.jpg','Vegetables',NULL,NULL),(22,10,'37','Potatoes',40.00,0.50,20.00,'https://www.vegetables.co.nz/assets/Vegetables-co-nz/Vegetables/Potatoes-v2__FitMaxWzYxNSw2MTVd.jpg','Vegetables',NULL,NULL),(23,10,'38','Pumpkins',30.00,0.50,15.00,'https://www.vegetables.co.nz/assets/Vegetables-co-nz/Vegetables/pumpkins__FitMaxWzYxNSw2MTVd.jpg','Vegetables',NULL,NULL),(24,10,'39','Sweet corn',60.00,0.50,30.00,'https://www.vegetables.co.nz/assets/Vegetables-co-nz/Vegetables/sweet-corn__FitMaxWzYxNSw2MTVd.jpg','Vegetables',NULL,NULL),(25,10,'9','White Pepper',54.50,0.50,27.25,'https://www.ebaza.com.my/image/ebaza/image/cache/data/jW0t2zhy1696906966-748x498.jpg','Groceries',NULL,NULL),(26,10,'40','Tomatoes',50.00,0.50,25.00,'https://www.vegetables.co.nz/assets/Vegetables-co-nz/Vegetables/tomato__FitMaxWzYxNSw2MTVd.jpg','Vegetables',NULL,NULL),(27,10,'12','Oil',210.00,0.50,105.00,'https://5.imimg.com/data5/SELLER/Default/2023/7/327751453/BQ/UF/YZ/112155041/5-l-gold-winner-refined-sunflower-oil-1000x1000.jpeg','Groceries',NULL,NULL),(28,10,'10','Coriander Seeds',54.50,0.50,27.25,'https://vibrantliving.in/cdn/shop/files/CorianderSeeds.png?v=1731059976&width=800','Groceries',NULL,NULL),(29,10,'13','Coconut Oil',110.00,0.50,55.00,'https://naturesbox.in/cdn/shop/products/Coconut-Oil-back_82eb07f5-397e-4302-9d27-18d9676f1fd9_540x.jpg?v=1673614342','Groceries',NULL,NULL),(30,10,'14','Coffee Powder',62.00,0.50,31.00,'https://m.media-amazon.com/images/I/71mdCt8pa-L._SL1500_.jpg','Groceries',NULL,NULL),(31,10,'11','Turmeric Powder',54.50,0.50,27.25,'http://content.health.harvard.edu/wp-content/uploads/2024/03/fa246ce0-054b-4892-bf30-5eb43cd938aa.jpg','Groceries',NULL,NULL),(32,10,'15','Garlic',85.50,0.50,42.75,'https://plus.unsplash.com/premium_photo-1666270423754-5b66a5184cc3?w=500&auto=format&fit=crop&q=60&ixlib=rb-4.1.0&ixid=M3wxMjA3fDB8MHxzZWFyY2h8NXx8Z2FybGljfGVufDB8fDB8fHww','Groceries',NULL,NULL),(33,10,'16','Green Gram',87.00,0.50,43.50,'https://pureandsure.in/cdn/shop/files/Green-gram-Whole-A.jpg?v=1727180752&width=700','Groceries',NULL,NULL),(34,10,'17','Jaggery',22.00,0.50,11.00,'https://orgfarm.store/cdn/shop/files/round-jaggery-500x500.jpg?v=1722456844&width=1500','Groceries',NULL,NULL),(35,10,'18','Spices/Aromatics',112.00,0.50,56.00,'https://www.alimentarium.org/sites/default/files/media/image/2016-10/shutterstock_mythja_epices_306621401_WEB_0.jpg','Groceries',NULL,NULL),(36,10,'20','Cumin Seeds (Salt Sugar)',26.00,0.50,13.00,'https://as1.ftcdn.net/jpg/14/84/99/32/1000_F_1484993253_JtMMGDnOkoDgp7SBEHAtpJ80ohCEtNaC.webp','Groceries',NULL,NULL),(37,10,'22','Coriander Powder',110.00,0.50,55.00,'https://www.terraearthfood.com/cdn/shop/products/TerraCorianderPowder_1_1024x1024.jpg?v=1626012510','Groceries',NULL,NULL),(38,10,'19','Asafoetida',36.00,0.50,18.00,'https://m.media-amazon.com/images/I/71fwjIm8IsL._SL1280_.jpg','Groceries',NULL,NULL),(39,11,'58','Pedals&Jamangi',5000.00,1.00,5000.00,'https://i.pinimg.com/736x/d8/23/3b/d8233b11818cf0d483d53fe591921f62.jpg','Garlands','2026-05-25 19:01:00',NULL),(40,12,'30','Cabbages',40.00,0.50,20.00,'https://www.vegetables.co.nz/assets/Vegetables-co-nz/Vegetables/cabbages-v2__FitMaxWzYxNSw2MTVd.jpg','Vegetables',NULL,NULL),(41,12,'32','Capsicums ',50.00,0.50,25.00,'https://www.vegetables.co.nz/assets/Vegetables-co-nz/Vegetables/capsicums__FitMaxWzYxNSw2MTVd.jpg','Vegetables',NULL,NULL),(42,12,'31','Broccoli',30.00,0.50,15.00,'https://www.vegetables.co.nz/assets/Vegetables-co-nz/Vegetables/broccoli__FitMaxWzYxNSw2MTVd.jpg','Vegetables',NULL,NULL),(43,13,'2','Urad Dal (Black Gram Dal)',84.00,0.50,42.00,'https://cdn.shopify.com/s/files/1/0627/8266/8969/files/Chana_Dal_480x480.webp?v=1705988578','Groceries',NULL,NULL),(44,14,'23','Groundnut Oil',130.00,0.50,65.00,'https://www.tatasimplybetter.com/cdn/shop/files/01_1_2048x2048.png?v=1723024614','Groceries',NULL,NULL),(45,15,'30','Cabbages',40.00,0.50,20.00,'https://www.vegetables.co.nz/assets/Vegetables-co-nz/Vegetables/cabbages-v2__FitMaxWzYxNSw2MTVd.jpg','Vegetables',NULL,NULL),(46,16,'34','Cauliflower',50.00,0.50,25.00,'https://www.vegetables.co.nz/assets/Vegetables-co-nz/Vegetables/cauliflower__FitMaxWzYxNSw2MTVd.jpg','Vegetables',NULL,NULL),(47,17,'29','Beans',30.00,0.50,15.00,'https://www.vegetables.co.nz/assets/Vegetables-co-nz/Vegetables/beans__FitMaxWzYxNSw2MTVd.jpg','Vegetables',NULL,NULL),(48,18,'48','Orange',80.00,0.50,40.00,'https://i.pinimg.com/1200x/8d/cf/e2/8dcfe2a785ba01c4b3995ac18005402d.jpg','Fruits',NULL,NULL),(49,19,'26','Groundnuts',74.00,1.00,74.00,'https://m.media-amazon.com/images/I/41RoBZdJ+iL._SY300_SX300_QL70_FMwebp_.jpg','Groceries',NULL,NULL),(50,20,'2','Urad Dal (Black Gram Dal)',84.00,0.50,42.00,'https://cdn.shopify.com/s/files/1/0627/8266/8969/files/Chana_Dal_480x480.webp?v=1705988578','Groceries',NULL,NULL),(51,21,'31','Broccoli',30.00,1.50,45.00,'https://www.vegetables.co.nz/assets/Vegetables-co-nz/Vegetables/broccoli__FitMaxWzYxNSw2MTVd.jpg','Vegetables',NULL,NULL),(52,22,'43','Apple',80.00,1.00,80.00,'https://i.pinimg.com/736x/50/6b/4e/506b4ed1f20085d68b8b4f403bb110d4.jpg','Fruits',NULL,NULL),(53,23,'1','kollu',100.00,1.00,100.00,'https://static.wixstatic.com/media/c7c732_828362a1875c42fdb71eb0aaf55382d0~mv2.jpg/v1/fill/w_497,h_362,al_c,q_80,usm_0.66_1.00_0.01,enc_avif,quality_auto/c7c732_828362a1875c42fdb71eb0aaf55382d0~mv2.jpg','Groceries',NULL,NULL),(54,23,'2','virali manjal',90.00,1.00,90.00,'https://m.media-amazon.com/images/I/61VLzqAthRL._SL1500_.jpg','Groceries',NULL,NULL),(55,24,'3','vethaa',12.50,0.25,12.50,'https://vethaa.in/wp-content/uploads/2025/07/cow-milk-500ml.jpg','Dairy',NULL,NULL),(56,24,'2','virali manjal',22.50,0.25,22.50,'https://m.media-amazon.com/images/I/61VLzqAthRL._SL1500_.jpg','Groceries',NULL,NULL),(57,25,'2','virali manjal',45.00,0.50,45.00,'https://m.media-amazon.com/images/I/61VLzqAthRL._SL1500_.jpg','Groceries',NULL,NULL),(58,26,'4','Pedals with valai type',6000.00,1.00,6000.00,'https://i.pinimg.com/736x/82/30/1c/82301c11d147a996dd8dc5b1b106a040.jpg','Garlands','2027-06-12 22:00:00',NULL),(59,27,'6','Banana',10.00,1.00,10.00,'https://images.unsplash.com/photo-1571771894821-ce9b6c11b08e?q=80&w=880&auto=format&fit=crop&ixlib=rb-4.1.0&ixid=M3wxMjA3fDB8MHxwaG90by1wYWdlfHx8fGVufDB8fHx8fA%3D%3D','Fruits',NULL,NULL),(60,28,'7','Wheat',60.00,1.00,60.00,'https://encrypted-tbn0.gstatic.com/images?q=tbn:ANd9GcSUxqmQq8RFjslUzCUHHWwz9dq7V0k5VJjUuAZ9CotWva4Ur9HXB5h7hvqWFTeXDv6dhncgjrZuBuWmA5k3FqrFdxUkUMboFAiExUDRcy1LNA&s=10','Grains',NULL,NULL),(61,29,'3','vethaa',50.00,1.00,50.00,'https://vethaa.in/wp-content/uploads/2025/07/cow-milk-500ml.jpg','Dairy',NULL,NULL),(62,30,'2','virali manjal',90.00,1.00,90.00,'https://m.media-amazon.com/images/I/61VLzqAthRL._SL1500_.jpg','Groceries',NULL,NULL),(63,31,'2','virali manjal',90.00,1.00,90.00,'https://m.media-amazon.com/images/I/61VLzqAthRL._SL1500_.jpg','Groceries',NULL,NULL),(64,31,'3','vethaa',50.00,1.00,50.00,'https://vethaa.in/wp-content/uploads/2025/07/cow-milk-500ml.jpg','Dairy',NULL,NULL),(65,32,'6','Banana',10.00,1.00,20.00,'https://images.unsplash.com/photo-1571771894821-ce9b6c11b08e?q=80&w=880&auto=format&fit=crop&ixlib=rb-4.1.0&ixid=M3wxMjA3fDB8MHxwaG90by1wYWdlfHx8fGVufDB8fHx8fA%3D%3D','Fruits',NULL,NULL),(66,32,'7','Wheat',120.00,2.00,120.00,'https://encrypted-tbn0.gstatic.com/images?q=tbn:ANd9GcSUxqmQq8RFjslUzCUHHWwz9dq7V0k5VJjUuAZ9CotWva4Ur9HXB5h7hvqWFTeXDv6dhncgjrZuBuWmA5k3FqrFdxUkUMboFAiExUDRcy1LNA&s=10','Grains',NULL,NULL),(67,33,'5','tomato',40.00,1.00,40.00,'https://www.vegetables.co.nz/assets/Vegetables-co-nz/Vegetables/tomato__FitMaxWzYxNSw2MTVd.jpg','Vegetables',NULL,NULL),(68,34,'7','Wheat',60.00,1.00,60.00,'https://encrypted-tbn0.gstatic.com/images?q=tbn:ANd9GcSUxqmQq8RFjslUzCUHHWwz9dq7V0k5VJjUuAZ9CotWva4Ur9HXB5h7hvqWFTeXDv6dhncgjrZuBuWmA5k3FqrFdxUkUMboFAiExUDRcy1LNA&s=10','Grains',NULL,NULL),(69,35,'3','vethaa',50.00,1.00,50.00,'https://vethaa.in/wp-content/uploads/2025/07/cow-milk-500ml.jpg','Dairy',NULL,NULL),(70,36,'6','Banana',10.00,1.00,10.00,'https://images.unsplash.com/photo-1571771894821-ce9b6c11b08e?q=80&w=880&auto=format&fit=crop&ixlib=rb-4.1.0&ixid=M3wxMjA3fDB8MHxwaG90by1wYWdlfHx8fGVufDB8fHx8fA%3D%3D','Fruits',NULL,NULL),(71,37,'3','vethaa',50.00,1.00,50.00,'https://vethaa.in/wp-content/uploads/2025/07/cow-milk-500ml.jpg','Dairy',NULL,NULL),(72,38,'7','Wheat',60.00,1.00,60.00,'https://encrypted-tbn0.gstatic.com/images?q=tbn:ANd9GcSUxqmQq8RFjslUzCUHHWwz9dq7V0k5VJjUuAZ9CotWva4Ur9HXB5h7hvqWFTeXDv6dhncgjrZuBuWmA5k3FqrFdxUkUMboFAiExUDRcy1LNA&s=10','Grains',NULL,NULL),(73,39,'5','tomato',40.00,1.00,40.00,'https://www.vegetables.co.nz/assets/Vegetables-co-nz/Vegetables/tomato__FitMaxWzYxNSw2MTVd.jpg','Vegetables',NULL,NULL),(74,40,'1','kollu',100.00,1.00,100.00,'https://static.wixstatic.com/media/c7c732_828362a1875c42fdb71eb0aaf55382d0~mv2.jpg/v1/fill/w_497,h_362,al_c,q_80,usm_0.66_1.00_0.01,enc_avif,quality_auto/c7c732_828362a1875c42fdb71eb0aaf55382d0~mv2.jpg','Groceries',NULL,NULL),(75,41,'6','Banana',10.00,1.00,10.00,'https://images.unsplash.com/photo-1571771894821-ce9b6c11b08e?q=80&w=880&auto=format&fit=crop&ixlib=rb-4.1.0&ixid=M3wxMjA3fDB8MHxwaG90by1wYWdlfHx8fGVufDB8fHx8fA%3D%3D','Fruits',NULL,NULL),(76,42,'5','tomato',2.00,0.05,2.00,'https://www.vegetables.co.nz/assets/Vegetables-co-nz/Vegetables/tomato__FitMaxWzYxNSw2MTVd.jpg','Vegetables',NULL,NULL),(77,43,'4','Pedals with valai type',6000.00,1.00,6000.00,'https://i.pinimg.com/736x/82/30/1c/82301c11d147a996dd8dc5b1b106a040.jpg','Garlands','2026-06-22 22:00:00',NULL),(78,44,'4','Pedals with valai type',6000.00,1.00,66000.00,'https://i.pinimg.com/736x/82/30/1c/82301c11d147a996dd8dc5b1b106a040.jpg','Garlands','2026-06-22 22:00:00',NULL),(79,45,'1','kollu',100.00,1.00,100.00,'https://static.wixstatic.com/media/c7c732_828362a1875c42fdb71eb0aaf55382d0~mv2.jpg/v1/fill/w_497,h_362,al_c,q_80,usm_0.66_1.00_0.01,enc_avif,quality_auto/c7c732_828362a1875c42fdb71eb0aaf55382d0~mv2.jpg','Groceries',NULL,NULL),(80,45,'2','virali manjal',90.00,1.00,90.00,'https://m.media-amazon.com/images/I/61VLzqAthRL._SL1500_.jpg','Groceries',NULL,NULL),(81,46,'7','Wheat',120.00,2.00,120.00,'https://encrypted-tbn0.gstatic.com/images?q=tbn:ANd9GcSUxqmQq8RFjslUzCUHHWwz9dq7V0k5VJjUuAZ9CotWva4Ur9HXB5h7hvqWFTeXDv6dhncgjrZuBuWmA5k3FqrFdxUkUMboFAiExUDRcy1LNA&s=10','Grains',NULL,NULL),(82,47,'3','vethaa',100.00,2.00,100.00,'https://vethaa.in/wp-content/uploads/2025/07/cow-milk-500ml.jpg','Dairy',NULL,NULL),(83,48,'13','banana leaf',5.00,1.00,50.00,'data:image/jpeg;base64,/9j/4AAQSkZJRgABAQAAAQABAAD/2wCEAAkGBwgHBgkIBwgKCgkLDRYPDQwMDRsUFRAWIB0iIiAdHx8kKDQsJCYxJx8fLT0tMTU3Ojo6Iys/RD84QzQ5OjcBCgoKDQwNGg8PGjclHyU3Nzc3Nzc3Nzc3Nzc3Nzc3Nzc3Nzc3Nzc3Nzc3Nzc3Nzc3Nzc3Nzc3Nzc3Nzc3Nzc3N//AABEIAGMAeAMBIgACEQEDEQH/xAAcAAABBQEBAQAAAAAAAAAAAAAAAwQFBgcBAgj/xAA+EAACAQMBAwgIAwcEAwAAAAABAgMABBEhBRIxBhNBUWFxgaEUIjKRscHR8EJSYhUjJDNDkuEHU3KygqLx/8QAGgEAAgMBAQAAAAAAAAAAAAAAAgMABAUBBv/EACkRAAICAQQBAwIHAAAAAAAAAAABAgMRBBIhMUEiMnEFURMjM0JhkdH/2gAMAwEAAhEDEQA/ANpub21tQTc3MMQH+44X41CXfLPZEKtzErXJHTEPV95+WaoItppYJEMpldiWOT6x76q99c3VvN6MbeRI06Sp17c9NVLbbFHMSq75eEaTcf6gzYLW1lFj9bk/DFK2nL15lybaItngGIrOLRmxqfVYUpl7eTfB9XOtY8r9Tl+t5FfjzNXt+V8LPuz2roetXDfSpRNvbPYZabm/+YxWXGfeRXB9odH32V6WZyhUsTkY8fsUiP1PVx8p/K/zAS1LXZrsFzDcLvQSpIP0sDStY7FPcMyczIyOOlWwRVu2Tt+8hVUuJeeUfn4++tLT/Vd/6kcfAyOpi+0XSiohOUFkN0Tyc0WOATwzUrHIkih42DKeBByDWnXfXZ7HkfGSl0z1RRRTQgoooqECiiioQyia2w+V0xwINd3g43Lld9T+Ie1/mm5tLy2OIX9UdDqT55+VKoZ84kVWP6aoRsUuzMTPLbHiCb8Kho97OV6PpTeXZeVyB0VLQSSRNncZOjOBT9eYmXXdjbrHsn6fDuqvOK8kxnoqdvbvH+6bo1HdS6QkAVYJbDdk3mXTHGkjZgMNOGlUpaZSy0A4kbaxBAd5c5HypUNuEbuad8zjAA00phJkTAZxgD4A/Ol2U7Y8HHwNL24Z3jGeD0+stv3myJhJA+8hbDwt7LfQ9tRWp5lm4tk+OlFwAxXq575Gqqc4TU12gVNxeUarsTb9ptiBXi3opODRyaEHsPTUtWVWl16LbKFGMuF/7fSrfyQ29+0FayuXzcxIHUk6uh6e8fSvQaLXO3EZ9mhTfv4fZZqKKK0iyFFFFQhizbfm2ZeS2e0wWaJt0sQdeo6dmtSNvtvZ15gRtLvnoCkfHFSH+pPJkzxftK2U78Q/eBelevw+FZ7FztuRqx7DLWHepUzcTNsjteC9uoyDiRR+tgPnXpMqcoQO1T8uFV/Zm1CmEbIU/hjH10qUlubRsbtyMn+mJGY+Krgj3UEbnIXkmrW4eFMEgp0qw0/x4edPEWK6zzB9fH8s8fDr++FVpWSLD81IAeDlVUe9sGncUzHBAPXqxPuPD3Gu5b5QSn4Y/uIipIxg/Z+RqNmtmZpSuhy2PAFR5gVLxbQDqEvk316JAPWHf1/Hvrs9nmHnbRhLGeDL0ag479K62pdnXHKyitG2X0uKIH1AobPVqSfIim0qFvR1/E5Ynv0A+BqVnQK1y5BCldzu/Dn+0+VNRbkzyO5wsMSpn9ZwQf7nPupUqk+Be0b3p3bS1RfalcuvgB82NNI7+ez5RLPZvuvAVjU9eBgj4inu0XX9qY/p2kQ3x0KQN8nzx4Uw2TZySTc7IMkasetidfd61d2uPs7Orjo1zYm2YNqQDGEnA9eMnXvHZUpWUTTiw2oGjkHqBBMAeBONe8ZFXHktyh9Pu7nZty+9cQesjfnTgfEH4itTT6tT9E/cXqr93pfZZqKKKulgSuIlmiZGAIIxg1knKzk7Jsu8LQg+iSHKaZ3D1fStgpntKxivLdo5UDAjgRVbVadXwx5XQq2vejCWUpo/Dq3tPdSttfx2/sRsxHREpGPHT41bdqcnjHKyRqrgahW447OuoSfZBXUDUdGQPjk1g4lGW2aw0ZsouL5EYts3Ejfw9lFGel3Yu3vGPOpS29JkjMs85C/mZgi/+uB51DSLJCukbadO6TjxOnlScdy3Ob3O7z9/OsB3nSj388oHdyWdXiSMurh8cSi4X3n6mlLS9mEhe1Zg2NSvrKw/VnQ++q0LmWRwVj3yv4pCZCO4cB3HNLw79yc3DyXHUm8NwHo/T7gaZlSCUuS3Ld2G0/3M5WC5PAhso+mND48DTDaFtc2bkSgc00g3mXgRknX+7yqLuXWIbl00UWR/JALMR3cfKnNjtya2Tm545Li0xwfV1HZ+YdnGuNTj0Mypd9jNyDYTzyfzbpx34Yl2Hhgiml/cmFYoEchEQzTMv4uryXP/AJVNXezob6L0zZEwYDLBM6ZOPdwqtTW0kfORzgq8rhWzphRjHuwoooWKSONNdkDPc3UjSylmX+pI2eGeA8x5VKckZ79dtJe+kMswbO+es9fZrS11bxNb28KruqxM83XgA7q/9vcKXs7Q82IlGJZnEYxw/UfvrFdm2l6eyZwuDY9i7XF+vNTBEuVXeKo28GH5l7KKyfZ2102bygju4HPNQzCPHQYh6re/1j7qKv0ayO3Fj5Rdqt3R9XZttFFFXx5HbU2el1Hwww1BHRWc8qrXaGzSbiF5GgHthScp2js+Hw1emN9s+K6Qq441X1GlhqI+rv7ibalNGBT3M92+8VZj+Ztfia9KyoBzroOxj8qve2+Rq25aS2H7snOAug8Ojwqp3mwpIwXUgoOJXo78ajxrEtrlVLbNYM6dcovDEY9pRqoUxNP1Y9UeY08BTuO9mnGEnW1THsw5DEdrcfMVEvs67GTCEYd//wAprLZ3baTJK46sYX5D40cY/ZnETibR2Za5WD+IkJ/AcLntbp8AaUkuZJCOfnWBTqIYVwx7cat4nAqFitbiIgFVt8/lyZD48f7QO+pC0tZtFtoCpJzvuuWPaBqB3nePdT8eAh2k1xZyC5sn9HdtQHbIl7x8xmpS32pYbbHo96gt7vdxg9I61PV96VELFliI8zyN7T72Qe9vxeGnaKZ3cUci5lcnGqFNDnrX6+ZpU6oy56Yal4Y/23a3Fg5cjejO6FdRoANdfEZ8TSUV96LZyXLtuy45i3HU54t4D4L10lY8oZrJvRNrjnoOAlIyV7G6q7tfYwuYxdbNfnYcY3AclQeO75DroYtxe2z+wtpH7OjfaV+kNouIV0BPSOuiubOv5rKZYLSPM0h3QMak/f31dpjhH7ZJhn0bRRRW4aIUUUVCCUsSuCCNDVe2pyeilYyQjck6CulWavLKCKjSksSQMopmY3+yGiY87EQf9yPQ1HNbOM7socHrO43j1+dald2SSqQVFVvaOwQSSgwazrfp0XzU8FSemXaKcbSeFCUtwmdcFMZpIyPIpS6Rsfl/Ce8dPjmpafZ11ak82XUfoYimMs10NGkJ/wCag/EVSlptRD92fkQ6JLpjKdiyEZUJ1dH+fHTqFRUzHfwp3OlnPHw6fHj1AU/voppATGwRvI0wsrW59JBn3Rg5BZgAKH8yPvQOya7Ebi1MkLIq4H5T09/351H7In2ps2dvQlee3V91ohqV+o7Ks18sPqNBLmUH1gFOD41YuQHJtv2hLtGcsIiBhCPaPXViqM7HsceB1SnnGBDk5fWkl7FcXFrCJQcOJF17cHroq/bV2DY7SUmaFRLjSVNGHjRVuGmupyqpLH8lxJrhE1RRRV0YFFFFQgUUUVCHDSLqpGortFdRCOuoY2GqA1DXlpbknMS0UUzHADIS7s7cE4iFIW9jasfWhB7yaKKS4rPQOB7Z7Os/SF/h041dbCNEiUIoA6hRRTIpJBIedNcoooWGf//Z','Village Specials',NULL,NULL),(84,49,'13','banana leaf',5.00,1.00,5.00,'data:image/jpeg;base64,/9j/4AAQSkZJRgABAQAAAQABAAD/2wCEAAkGBwgHBgkIBwgKCgkLDRYPDQwMDRsUFRAWIB0iIiAdHx8kKDQsJCYxJx8fLT0tMTU3Ojo6Iys/RD84QzQ5OjcBCgoKDQwNGg8PGjclHyU3Nzc3Nzc3Nzc3Nzc3Nzc3Nzc3Nzc3Nzc3Nzc3Nzc3Nzc3Nzc3Nzc3Nzc3Nzc3Nzc3N//AABEIAGMAeAMBIgACEQEDEQH/xAAcAAABBQEBAQAAAAAAAAAAAAAAAwQFBgcBAgj/xAA+EAACAQMBAwgIAwcEAwAAAAABAgMABBEhBRIxBhNBUWFxgaEUIjKRscHR8EJSYhUjJDNDkuEHU3KygqLx/8QAGgEAAgMBAQAAAAAAAAAAAAAAAgMABAUBBv/EACkRAAICAQQBAwIHAAAAAAAAAAABAgMRBBIhMUEiMnEFURMjM0JhkdH/2gAMAwEAAhEDEQA/ANpub21tQTc3MMQH+44X41CXfLPZEKtzErXJHTEPV95+WaoItppYJEMpldiWOT6x76q99c3VvN6MbeRI06Sp17c9NVLbbFHMSq75eEaTcf6gzYLW1lFj9bk/DFK2nL15lybaItngGIrOLRmxqfVYUpl7eTfB9XOtY8r9Tl+t5FfjzNXt+V8LPuz2roetXDfSpRNvbPYZabm/+YxWXGfeRXB9odH32V6WZyhUsTkY8fsUiP1PVx8p/K/zAS1LXZrsFzDcLvQSpIP0sDStY7FPcMyczIyOOlWwRVu2Tt+8hVUuJeeUfn4++tLT/Vd/6kcfAyOpi+0XSiohOUFkN0Tyc0WOATwzUrHIkih42DKeBByDWnXfXZ7HkfGSl0z1RRRTQgoooqECiiioQyia2w+V0xwINd3g43Lld9T+Ie1/mm5tLy2OIX9UdDqT55+VKoZ84kVWP6aoRsUuzMTPLbHiCb8Kho97OV6PpTeXZeVyB0VLQSSRNncZOjOBT9eYmXXdjbrHsn6fDuqvOK8kxnoqdvbvH+6bo1HdS6QkAVYJbDdk3mXTHGkjZgMNOGlUpaZSy0A4kbaxBAd5c5HypUNuEbuad8zjAA00phJkTAZxgD4A/Ol2U7Y8HHwNL24Z3jGeD0+stv3myJhJA+8hbDwt7LfQ9tRWp5lm4tk+OlFwAxXq575Gqqc4TU12gVNxeUarsTb9ptiBXi3opODRyaEHsPTUtWVWl16LbKFGMuF/7fSrfyQ29+0FayuXzcxIHUk6uh6e8fSvQaLXO3EZ9mhTfv4fZZqKKK0iyFFFFQhizbfm2ZeS2e0wWaJt0sQdeo6dmtSNvtvZ15gRtLvnoCkfHFSH+pPJkzxftK2U78Q/eBelevw+FZ7FztuRqx7DLWHepUzcTNsjteC9uoyDiRR+tgPnXpMqcoQO1T8uFV/Zm1CmEbIU/hjH10qUlubRsbtyMn+mJGY+Krgj3UEbnIXkmrW4eFMEgp0qw0/x4edPEWK6zzB9fH8s8fDr++FVpWSLD81IAeDlVUe9sGncUzHBAPXqxPuPD3Gu5b5QSn4Y/uIipIxg/Z+RqNmtmZpSuhy2PAFR5gVLxbQDqEvk316JAPWHf1/Hvrs9nmHnbRhLGeDL0ag479K62pdnXHKyitG2X0uKIH1AobPVqSfIim0qFvR1/E5Ynv0A+BqVnQK1y5BCldzu/Dn+0+VNRbkzyO5wsMSpn9ZwQf7nPupUqk+Be0b3p3bS1RfalcuvgB82NNI7+ez5RLPZvuvAVjU9eBgj4inu0XX9qY/p2kQ3x0KQN8nzx4Uw2TZySTc7IMkasetidfd61d2uPs7Orjo1zYm2YNqQDGEnA9eMnXvHZUpWUTTiw2oGjkHqBBMAeBONe8ZFXHktyh9Pu7nZty+9cQesjfnTgfEH4itTT6tT9E/cXqr93pfZZqKKKulgSuIlmiZGAIIxg1knKzk7Jsu8LQg+iSHKaZ3D1fStgpntKxivLdo5UDAjgRVbVadXwx5XQq2vejCWUpo/Dq3tPdSttfx2/sRsxHREpGPHT41bdqcnjHKyRqrgahW447OuoSfZBXUDUdGQPjk1g4lGW2aw0ZsouL5EYts3Ejfw9lFGel3Yu3vGPOpS29JkjMs85C/mZgi/+uB51DSLJCukbadO6TjxOnlScdy3Ob3O7z9/OsB3nSj388oHdyWdXiSMurh8cSi4X3n6mlLS9mEhe1Zg2NSvrKw/VnQ++q0LmWRwVj3yv4pCZCO4cB3HNLw79yc3DyXHUm8NwHo/T7gaZlSCUuS3Ld2G0/3M5WC5PAhso+mND48DTDaFtc2bkSgc00g3mXgRknX+7yqLuXWIbl00UWR/JALMR3cfKnNjtya2Tm545Li0xwfV1HZ+YdnGuNTj0Mypd9jNyDYTzyfzbpx34Yl2Hhgiml/cmFYoEchEQzTMv4uryXP/AJVNXezob6L0zZEwYDLBM6ZOPdwqtTW0kfORzgq8rhWzphRjHuwoooWKSONNdkDPc3UjSylmX+pI2eGeA8x5VKckZ79dtJe+kMswbO+es9fZrS11bxNb28KruqxM83XgA7q/9vcKXs7Q82IlGJZnEYxw/UfvrFdm2l6eyZwuDY9i7XF+vNTBEuVXeKo28GH5l7KKyfZ2102bygju4HPNQzCPHQYh6re/1j7qKv0ayO3Fj5Rdqt3R9XZttFFFXx5HbU2el1Hwww1BHRWc8qrXaGzSbiF5GgHthScp2js+Hw1emN9s+K6Qq441X1GlhqI+rv7ibalNGBT3M92+8VZj+Ztfia9KyoBzroOxj8qve2+Rq25aS2H7snOAug8Ojwqp3mwpIwXUgoOJXo78ajxrEtrlVLbNYM6dcovDEY9pRqoUxNP1Y9UeY08BTuO9mnGEnW1THsw5DEdrcfMVEvs67GTCEYd//wAprLZ3baTJK46sYX5D40cY/ZnETibR2Za5WD+IkJ/AcLntbp8AaUkuZJCOfnWBTqIYVwx7cat4nAqFitbiIgFVt8/lyZD48f7QO+pC0tZtFtoCpJzvuuWPaBqB3nePdT8eAh2k1xZyC5sn9HdtQHbIl7x8xmpS32pYbbHo96gt7vdxg9I61PV96VELFliI8zyN7T72Qe9vxeGnaKZ3cUci5lcnGqFNDnrX6+ZpU6oy56Yal4Y/23a3Fg5cjejO6FdRoANdfEZ8TSUV96LZyXLtuy45i3HU54t4D4L10lY8oZrJvRNrjnoOAlIyV7G6q7tfYwuYxdbNfnYcY3AclQeO75DroYtxe2z+wtpH7OjfaV+kNouIV0BPSOuiubOv5rKZYLSPM0h3QMak/f31dpjhH7ZJhn0bRRRW4aIUUUVCCUsSuCCNDVe2pyeilYyQjck6CulWavLKCKjSksSQMopmY3+yGiY87EQf9yPQ1HNbOM7socHrO43j1+dald2SSqQVFVvaOwQSSgwazrfp0XzU8FSemXaKcbSeFCUtwmdcFMZpIyPIpS6Rsfl/Ce8dPjmpafZ11ak82XUfoYimMs10NGkJ/wCag/EVSlptRD92fkQ6JLpjKdiyEZUJ1dH+fHTqFRUzHfwp3OlnPHw6fHj1AU/voppATGwRvI0wsrW59JBn3Rg5BZgAKH8yPvQOya7Ebi1MkLIq4H5T09/351H7In2ps2dvQlee3V91ohqV+o7Ks18sPqNBLmUH1gFOD41YuQHJtv2hLtGcsIiBhCPaPXViqM7HsceB1SnnGBDk5fWkl7FcXFrCJQcOJF17cHroq/bV2DY7SUmaFRLjSVNGHjRVuGmupyqpLH8lxJrhE1RRRV0YFFFFQgUUUVCHDSLqpGortFdRCOuoY2GqA1DXlpbknMS0UUzHADIS7s7cE4iFIW9jasfWhB7yaKKS4rPQOB7Z7Os/SF/h041dbCNEiUIoA6hRRTIpJBIedNcoooWGf//Z','Village Specials',NULL,NULL),(85,50,'7','Wheat',60.00,1.00,60.00,'https://encrypted-tbn0.gstatic.com/images?q=tbn:ANd9GcSUxqmQq8RFjslUzCUHHWwz9dq7V0k5VJjUuAZ9CotWva4Ur9HXB5h7hvqWFTeXDv6dhncgjrZuBuWmA5k3FqrFdxUkUMboFAiExUDRcy1LNA&s=10','Grains',NULL,NULL),(86,51,'5','tomato',40.00,1.00,40.00,'https://www.vegetables.co.nz/assets/Vegetables-co-nz/Vegetables/tomato__FitMaxWzYxNSw2MTVd.jpg','Vegetables',NULL,NULL),(87,52,'3','vethaa',50.00,1.00,50.00,'https://vethaa.in/wp-content/uploads/2025/07/cow-milk-500ml.jpg','Dairy',NULL,NULL),(88,53,'5','tomato',40.00,1.00,40.00,'https://www.vegetables.co.nz/assets/Vegetables-co-nz/Vegetables/tomato__FitMaxWzYxNSw2MTVd.jpg','Vegetables',NULL,NULL),(89,54,'6','Banana',10.00,1.00,10.00,'https://images.unsplash.com/photo-1571771894821-ce9b6c11b08e?q=80&w=880&auto=format&fit=crop&ixlib=rb-4.1.0&ixid=M3wxMjA3fDB8MHxwaG90by1wYWdlfHx8fGVufDB8fHx8fA%3D%3D','Fruits',NULL,NULL),(90,55,'2','virali manjal',90.00,1.00,90.00,'https://m.media-amazon.com/images/I/61VLzqAthRL._SL1500_.jpg','Groceries',NULL,NULL),(91,56,'6','Banana',10.00,1.00,10.00,'https://images.unsplash.com/photo-1571771894821-ce9b6c11b08e?q=80&w=880&auto=format&fit=crop&ixlib=rb-4.1.0&ixid=M3wxMjA3fDB8MHxwaG90by1wYWdlfHx8fGVufDB8fHx8fA%3D%3D','Fruits',NULL,NULL),(92,57,'5','tomato',40.00,1.00,80.00,'https://www.vegetables.co.nz/assets/Vegetables-co-nz/Vegetables/tomato__FitMaxWzYxNSw2MTVd.jpg','Vegetables',NULL,NULL);
/*!40000 ALTER TABLE `order_items` ENABLE KEYS */;
UNLOCK TABLES;

--
-- Table structure for table `orders`
--

DROP TABLE IF EXISTS `orders`;
/*!40101 SET @saved_cs_client     = @@character_set_client */;
/*!50503 SET character_set_client = utf8mb4 */;
CREATE TABLE `orders` (
  `id` int NOT NULL AUTO_INCREMENT,
  `user id` int NOT NULL,
  `total amount` decimal(10,2) NOT NULL,
  `status` varchar(50) COLLATE utf8mb4_general_ci DEFAULT 'PENDING',
  `payment_method` varchar(50) CHARACTER SET utf8mb4 COLLATE utf8mb4_general_ci DEFAULT NULL,
  `address` text CHARACTER SET utf8mb4 COLLATE utf8mb4_general_ci,
  `phone` varchar(20) CHARACTER SET utf8mb4 COLLATE utf8mb4_general_ci DEFAULT NULL,
  `created at` timestamp NULL DEFAULT CURRENT_TIMESTAMP,
  `delivery_fee` decimal(10,2) DEFAULT '5.00',
  `tracking_status` varchar(50) COLLATE utf8mb4_general_ci DEFAULT 'PENDING',
  `cancel reason` varchar(255) CHARACTER SET utf8mb4 COLLATE utf8mb4_general_ci DEFAULT NULL,
  `picked at` datetime DEFAULT NULL,
  `out_for_delivery_at` datetime DEFAULT NULL,
  `delivered at` datetime DEFAULT NULL,
  `delivery_partner_id` int DEFAULT NULL,
  `delivery_status` varchar(50) COLLATE utf8mb4_general_ci DEFAULT 'PENDING',
  `delivery_otp` varchar(6) CHARACTER SET utf8mb4 COLLATE utf8mb4_general_ci DEFAULT NULL,
  PRIMARY KEY (`id`),
  KEY `user id` (`user id`)
) ENGINE=InnoDB AUTO_INCREMENT=58 DEFAULT CHARSET=utf8mb4 COLLATE=utf8mb4_general_ci;
/*!40101 SET character_set_client = @saved_cs_client */;

--
-- Dumping data for table `orders`
--

LOCK TABLES `orders` WRITE;
/*!40000 ALTER TABLE `orders` DISABLE KEYS */;
INSERT INTO `orders` VALUES (1,1,30.50,'DELIVERED','cod','','0000000000','2026-05-20 16:08:07',20.00,'DELIVERED',NULL,'2026-06-10 09:01:15','2026-06-10 09:01:16','2026-06-10 09:01:17',2,'DELIVERED',NULL),(2,1,72.50,'DELIVERED','cod','','0000000000','2026-05-20 16:34:27',20.00,'DELIVERED',NULL,'2026-06-10 09:01:09','2026-06-10 09:01:11','2026-06-10 09:01:12',2,'DELIVERED',NULL),(3,1,30.50,'DELIVERED','cod','Ayyermalai','8903003808','2026-05-21 03:37:32',20.00,'DELIVERED',NULL,'2026-06-10 09:01:22','2026-06-10 09:01:23','2026-06-10 09:01:25',2,'DELIVERED',NULL),(4,1,46.50,'CANCELLED','cod','','0000000000','2026-05-21 13:28:48',20.00,'CANCELLED','Wrong product',NULL,NULL,NULL,1,'PENDING',NULL),(5,1,73.00,'DELIVERED','cod','','0000000000','2026-05-21 13:31:26',20.00,'PENDING',NULL,'2026-05-23 13:25:23','2026-05-23 13:26:02','2026-05-23 13:26:13',1,'DELIVERED',NULL),(6,1,89.00,'DELIVERED','cod','','0000000000','2026-05-21 15:39:35',5.00,'ACCEPTED',NULL,'2026-05-23 13:24:55','2026-05-23 13:24:57','2026-05-23 13:24:59',1,'DELIVERED',NULL),(7,1,5000.00,'DELIVERED','cod','Ayyermalai','8903003808','2026-05-21 16:17:58',0.00,'DELIVERED',NULL,'2026-06-10 09:00:07','2026-06-10 09:00:09','2026-06-10 09:00:10',2,'DELIVERED',NULL),(8,39,60.00,'CANCELLED','cod','','0000000000','2026-05-23 10:15:34',5.00,'CANCELLED','Wrong location',NULL,NULL,NULL,NULL,'PENDING',NULL),(9,1,120.00,'DELIVERED','cod','Ayyermalai','8903003808','2026-05-23 13:29:45',5.00,'DELIVERED',NULL,'2026-06-10 09:00:29','2026-06-10 09:00:30','2026-06-10 09:00:31',2,'DELIVERED',NULL),(10,1,804.50,'DELIVERED','cod','Ayyermalai','8903003808','2026-05-23 13:30:54',0.00,'ACCEPTED',NULL,'2026-05-23 13:33:54','2026-05-23 13:43:14','2026-05-23 13:43:30',1,'DELIVERED',NULL),(11,1,5000.00,'DELIVERED','cod','Ayyermalai','8903003808','2026-05-23 13:32:40',0.00,'ACCEPTED',NULL,'2026-05-23 13:34:41','2026-05-23 13:34:43','2026-05-23 13:43:34',1,'DELIVERED',NULL),(12,6,65.00,'PENDING','cod','','0000000000','2026-05-30 07:50:45',5.00,'PENDING',NULL,NULL,NULL,NULL,NULL,'PENDING',NULL),(13,7,47.00,'DELIVERED','cod','Kulithalai, Karur, Tamil Nadu, 639100, India','8903003808','2026-06-07 14:09:47',5.00,'ACCEPTED',NULL,'2026-06-07 19:51:01','2026-06-07 19:51:20','2026-06-07 19:51:34',1,'DELIVERED',NULL),(14,7,70.00,'DELIVERED','cod','Kulithalai, Karur, Tamil Nadu, 639100, India','8903003808','2026-06-07 14:28:01',5.00,'ACCEPTED',NULL,'2026-06-07 19:58:28','2026-06-07 19:58:44','2026-06-07 19:58:47',1,'DELIVERED',NULL),(15,7,25.00,'DELIVERED','cod','Kulithalai, Karur, Tamil Nadu, 639100, India','8903003808','2026-06-07 14:40:28',5.00,'ACCEPTED',NULL,'2026-06-07 20:10:56','2026-06-07 20:11:05','2026-06-07 20:11:06',1,'DELIVERED',NULL),(16,7,30.00,'DELIVERED','cod','Kulithalai, Karur, Tamil Nadu, 639100, India','8903003808','2026-06-07 15:28:46',5.00,'DELIVERED',NULL,'2026-06-10 08:58:28','2026-06-10 08:58:46','2026-06-10 08:58:52',2,'DELIVERED',NULL),(17,7,20.00,'DELIVERED','cod','','','2026-06-09 14:02:14',5.00,'ACCEPTED',NULL,'2026-06-10 08:54:06','2026-06-10 08:54:07','2026-06-10 08:54:08',2,'DELIVERED',NULL),(18,7,45.00,'DELIVERED','cod','','','2026-06-10 03:32:04',5.00,'ACCEPTED',NULL,'2026-06-10 09:08:16','2026-06-10 09:20:06','2026-06-10 09:20:07',1,'DELIVERED',NULL),(19,7,79.00,'DELIVERED','cod','','','2026-06-10 03:50:29',5.00,'DELIVERED',NULL,'2026-06-10 09:20:48','2026-06-10 09:20:49','2026-06-10 09:20:51',2,'DELIVERED',NULL),(20,7,47.00,'DELIVERED','cod','','','2026-06-10 03:58:58',5.00,'DELIVERED',NULL,'2026-06-10 09:29:11','2026-06-10 09:29:13','2026-06-10 09:29:14',2,'DELIVERED',NULL),(21,7,50.00,'DELIVERED','cod','','','2026-06-10 04:25:01',5.00,'DELIVERED',NULL,'2026-06-10 09:56:53','2026-06-10 09:56:55','2026-06-10 09:56:57',2,'DELIVERED',NULL),(22,7,85.00,'DELIVERED','cod','','','2026-06-10 04:44:04',5.00,'DELIVERED',NULL,'2026-06-10 10:14:17','2026-06-10 10:14:18','2026-06-10 10:14:19',2,'DELIVERED',NULL),(23,7,195.00,'DELIVERED','cod','','','2026-06-12 15:29:51',5.00,'DELIVERED',NULL,'2026-06-12 22:06:18','2026-06-12 22:06:19','2026-06-12 22:06:21',2,'DELIVERED',NULL),(24,7,40.00,'DELIVERED','cod','','','2026-06-12 16:21:02',5.00,'ACCEPTED',NULL,'2026-06-12 21:57:13','2026-06-12 21:57:14','2026-06-12 21:57:15',1,'DELIVERED',NULL),(25,7,50.00,'DELIVERED','cod','','','2026-06-12 16:36:53',5.00,'DELIVERED',NULL,'2026-06-12 22:07:11','2026-06-12 22:07:13','2026-06-12 22:07:14',2,'DELIVERED',NULL),(26,7,6000.00,'DELIVERED','cod','','','2026-06-12 16:50:34',0.00,'ACCEPTED',NULL,'2026-06-12 22:20:59','2026-06-12 22:21:00','2026-06-12 22:21:01',1,'DELIVERED',NULL),(27,7,15.00,'DELIVERED','cod','','','2026-06-14 10:41:25',5.00,'DELIVERED',NULL,'2026-06-14 16:12:05','2026-06-14 16:12:05','2026-06-14 16:12:06',2,'DELIVERED',NULL),(28,7,65.00,'DELIVERED','cod','','','2026-06-14 10:42:20',5.00,'DELIVERED',NULL,'2026-06-14 16:18:02','2026-06-14 16:18:05','2026-06-14 16:18:08',2,'DELIVERED',NULL),(29,7,55.00,'DELIVERED','cod','','','2026-06-14 10:53:25',5.00,'DELIVERED',NULL,'2026-06-14 16:25:37','2026-06-14 16:28:18','2026-06-14 16:28:44',2,'DELIVERED',NULL),(30,7,95.00,'DELIVERED','cod','','','2026-06-14 10:59:40',5.00,'DELIVERED',NULL,'2026-06-14 16:30:30','2026-06-14 16:49:20','2026-06-14 16:49:21',2,'DELIVERED',NULL),(31,7,145.00,'DELIVERED','cod','','','2026-06-14 11:00:03',5.00,'DELIVERED',NULL,'2026-06-14 16:49:24','2026-06-14 16:49:34','2026-06-14 16:49:35',2,'DELIVERED',NULL),(32,7,145.00,'DELIVERED','cod','','','2026-06-18 12:13:46',5.00,'DELIVERED',NULL,'2026-06-18 17:48:18','2026-06-18 17:49:06','2026-06-18 17:49:08',2,'DELIVERED',NULL),(33,7,45.00,'DELIVERED','cod','','','2026-06-18 12:34:23',5.00,'DELIVERED',NULL,'2026-06-18 18:04:31','2026-06-18 18:04:33','2026-06-18 18:04:34',2,'DELIVERED',NULL),(34,7,65.00,'DELIVERED','cod','','','2026-06-18 12:59:49',5.00,'DELIVERED',NULL,'2026-06-18 18:30:00','2026-06-18 18:30:01','2026-06-18 18:30:02',2,'DELIVERED',NULL),(35,7,55.00,'DELIVERED','cod','','','2026-06-19 06:43:50',5.00,'DELIVERED',NULL,'2026-06-19 12:14:13','2026-06-19 12:14:15','2026-06-19 12:14:17',2,'DELIVERED',NULL),(36,7,15.00,'DELIVERED','cod','','','2026-06-19 06:45:30',5.00,'DELIVERED',NULL,'2026-06-19 12:15:45','2026-06-19 12:15:46','2026-06-19 12:15:47',2,'DELIVERED',NULL),(37,8,55.00,'DELIVERED','cod','Anaikoundanur, Ayyarmalai, Kulithalai, Karur, Tamil Nadu, 639120, India','8903003808','2026-06-19 10:19:36',5.00,'DELIVERED',NULL,'2026-06-19 15:50:36','2026-06-19 15:50:37','2026-06-19 15:50:38',2,'DELIVERED',NULL),(38,8,65.00,'DELIVERED','cod','Anaikoundanur, Ayyarmalai, Kulithalai, Karur, Tamil Nadu, 639120, India','8903003808','2026-06-20 07:26:04',5.00,'DELIVERED',NULL,'2026-06-20 12:57:18','2026-06-20 12:57:38','2026-06-20 12:57:40',2,'DELIVERED',NULL),(39,7,45.00,'DELIVERED','cod','','','2026-06-20 07:36:32',5.00,'DELIVERED',NULL,'2026-06-20 13:07:42','2026-06-20 13:12:35','2026-06-20 13:12:36',2,'DELIVERED',NULL),(40,7,105.00,'DELIVERED','cod','','','2026-06-20 07:42:09',5.00,'DELIVERED',NULL,'2026-06-20 13:45:03','2026-06-20 13:45:12','2026-06-20 13:45:15',2,'DELIVERED',NULL),(41,7,15.00,'DELIVERED','online','','','2026-06-20 08:16:45',5.00,'DELIVERED',NULL,'2026-06-20 13:46:59','2026-06-20 13:47:01','2026-06-20 13:47:39',2,'DELIVERED','6274'),(42,7,7.00,'DELIVERED','online','','','2026-06-20 08:38:58',5.00,'DELIVERED',NULL,'2026-06-20 14:09:11','2026-06-20 14:09:18','2026-06-20 14:09:48',2,'DELIVERED','2251'),(43,7,6000.00,'DELIVERED','cod','','','2026-06-20 08:42:06',0.00,'ACCEPTED',NULL,'2026-06-20 14:14:19','2026-06-20 14:14:23','2026-06-20 14:14:25',1,'DELIVERED',NULL),(44,7,66000.00,'DELIVERED','cod','','','2026-06-20 08:48:47',0.00,'ACCEPTED',NULL,'2026-06-22 20:46:26','2026-06-22 20:46:27','2026-06-22 20:46:28',1,'DELIVERED',NULL),(45,7,195.00,'DELIVERED','cod','','','2026-06-20 09:13:43',5.00,'DELIVERED',NULL,'2026-06-25 09:46:16','2026-06-25 09:46:23','2026-06-25 09:47:09',2,'DELIVERED','9371'),(46,7,125.00,'DELIVERED','cod','','','2026-06-20 09:14:10',5.00,'DELIVERED',NULL,'2026-06-22 20:11:03','2026-06-22 20:11:11','2026-06-22 20:11:22',2,'DELIVERED','9341'),(47,7,105.00,'DELIVERED','cod','','','2026-06-20 09:14:30',5.00,'DELIVERED',NULL,'2026-06-22 20:09:30','2026-06-22 20:09:31','2026-06-22 20:09:44',2,'DELIVERED','3332'),(48,7,55.00,'DELIVERED','cod','','','2026-06-22 14:38:33',5.00,'DELIVERED',NULL,'2026-06-22 20:08:55','2026-06-22 20:08:56','2026-06-22 20:09:25',2,'DELIVERED','2942'),(49,7,10.00,'DELIVERED','cod','','','2026-06-25 04:35:12',5.00,'DELIVERED',NULL,'2026-06-25 10:05:20','2026-06-25 10:05:25','2026-06-25 10:05:55',2,'DELIVERED','4525'),(50,7,65.00,'DELIVERED','cod','','','2026-06-25 04:49:09',5.00,'DELIVERED',NULL,'2026-06-25 10:23:14','2026-06-25 10:23:22','2026-06-25 10:23:39',2,'DELIVERED','7379'),(51,7,45.00,'DELIVERED','cod','','','2026-06-25 04:56:25',5.00,'DELIVERED',NULL,'2026-06-25 10:27:33','2026-06-25 10:27:35','2026-06-25 10:27:52',1,'DELIVERED','9751'),(52,7,55.00,'DELIVERED','cod','','','2026-06-25 05:12:37',5.00,'DELIVERED',NULL,'2026-06-25 10:43:04','2026-06-25 10:43:06','2026-06-25 10:43:35',2,'DELIVERED','6226'),(53,7,45.00,'DELIVERED','cod','','','2026-06-25 05:19:37',5.00,'DELIVERED',NULL,'2026-06-25 10:50:00','2026-06-25 10:50:01','2026-06-25 10:50:14',2,'DELIVERED','2048'),(54,7,15.00,'PENDING','cod','[office] kulithalai','','2026-06-25 05:54:50',5.00,'ACCEPTED',NULL,NULL,NULL,NULL,1,'PENDING',NULL),(55,8,95.00,'DELIVERED','cod','[Home] Anaikoundanur, Ayyarmalai, Kulithalai, Karur, Tamil Nadu, 639120, India','','2026-06-25 06:26:05',5.00,'DELIVERED',NULL,'2026-06-25 11:58:26','2026-06-25 11:58:33','2026-06-25 11:58:46',2,'DELIVERED','3864'),(56,8,15.00,'DELIVERED','cod','[school] Ayyarmalai - Valayapatty - Kumaramangalam Road, Mettupatty, Valayapatty, Kulithalai, Karur, Tamil Nadu, 639107, India','','2026-06-25 06:27:05',5.00,'ACCEPTED',NULL,'2026-06-25 11:58:05','2026-06-25 11:58:07','2026-06-25 11:58:09',1,'DELIVERED',NULL),(57,8,85.00,'PENDING','cod','[school] Ayyarmalai - Valayapatty - Kumaramangalam Road, Mettupatty, Valayapatty, Kulithalai, Karur, Tamil Nadu, 639107, India','','2026-06-25 07:44:28',5.00,'ACCEPTED',NULL,NULL,NULL,NULL,1,'PENDING',NULL);
/*!40000 ALTER TABLE `orders` ENABLE KEYS */;
UNLOCK TABLES;

--
-- Table structure for table `partner_documents`
--

DROP TABLE IF EXISTS `partner_documents`;
/*!40101 SET @saved_cs_client     = @@character_set_client */;
/*!50503 SET character_set_client = utf8mb4 */;
CREATE TABLE `partner_documents` (
  `id` int NOT NULL AUTO_INCREMENT,
  `partner_type` enum('delivery','transport') CHARACTER SET utf8mb4 COLLATE utf8mb4_general_ci DEFAULT NULL,
  `partner_id` int DEFAULT NULL,
  `document type` varchar(50) CHARACTER SET utf8mb4 COLLATE utf8mb4_general_ci DEFAULT NULL,
  `document url` text CHARACTER SET utf8mb4 COLLATE utf8mb4_general_ci,
  `status` enum('PENDING','APPROVED','REJECTED') CHARACTER SET utf8mb4 COLLATE utf8mb4_general_ci DEFAULT 'PENDING',
  `uploaded_at` timestamp NULL DEFAULT CURRENT_TIMESTAMP,
  PRIMARY KEY (`id`)
) ENGINE=InnoDB DEFAULT CHARSET=utf8mb4 COLLATE=utf8mb4_general_ci;
/*!40101 SET character_set_client = @saved_cs_client */;

--
-- Dumping data for table `partner_documents`
--

LOCK TABLES `partner_documents` WRITE;
/*!40000 ALTER TABLE `partner_documents` DISABLE KEYS */;
/*!40000 ALTER TABLE `partner_documents` ENABLE KEYS */;
UNLOCK TABLES;

--
-- Table structure for table `partner_locations`
--

DROP TABLE IF EXISTS `partner_locations`;
/*!40101 SET @saved_cs_client     = @@character_set_client */;
/*!50503 SET character_set_client = utf8mb4 */;
CREATE TABLE `partner_locations` (
  `id` int NOT NULL AUTO_INCREMENT,
  `partner_type` enum('delivery','transport') CHARACTER SET utf8mb4 COLLATE utf8mb4_general_ci DEFAULT NULL,
  `partner_id` int DEFAULT NULL,
  `latitude` decimal(10,7) NOT NULL,
  `longitude` decimal(10,7) NOT NULL,
  `updated_at` timestamp NULL DEFAULT CURRENT_TIMESTAMP ON UPDATE CURRENT_TIMESTAMP,
  PRIMARY KEY (`id`)
) ENGINE=InnoDB AUTO_INCREMENT=536 DEFAULT CHARSET=utf8mb4 COLLATE=utf8mb4_general_ci;
/*!40101 SET character_set_client = @saved_cs_client */;

--
-- Dumping data for table `partner_locations`
--

LOCK TABLES `partner_locations` WRITE;
/*!40000 ALTER TABLE `partner_locations` DISABLE KEYS */;
INSERT INTO `partner_locations` VALUES (1,'transport',1,10.8701533,78.3956900,'2026-05-21 04:04:34'),(2,'transport',1,10.8701533,78.3956900,'2026-05-21 04:04:34'),(3,'transport',1,10.8701567,78.3956633,'2026-05-21 04:04:38'),(4,'transport',1,10.8701250,78.3956533,'2026-05-21 04:04:43'),(5,'transport',1,10.8701067,78.3956583,'2026-05-21 04:04:49'),(6,'transport',1,10.8700400,78.3956333,'2026-05-21 04:04:59'),(7,'transport',1,10.8700400,78.3956333,'2026-05-21 04:04:59'),(8,'transport',1,10.8700350,78.3956467,'2026-05-21 04:05:04'),(9,'transport',1,10.8700317,78.3956500,'2026-05-21 04:05:08'),(10,'delivery',1,10.8699750,78.3957083,'2026-05-21 04:11:17'),(11,'delivery',1,10.8699650,78.3957000,'2026-05-21 04:11:18'),(12,'delivery',1,10.8699650,78.3956817,'2026-05-21 04:11:19'),(13,'delivery',1,10.8699717,78.3956733,'2026-05-21 04:11:21'),(14,'delivery',1,10.8699850,78.3956667,'2026-05-21 04:11:22'),(15,'delivery',1,10.8699883,78.3956617,'2026-05-21 04:11:23'),(16,'delivery',1,10.8699917,78.3956567,'2026-05-21 04:11:24'),(17,'delivery',1,10.8699917,78.3956567,'2026-05-21 04:11:24'),(18,'delivery',1,10.8699950,78.3956517,'2026-05-21 04:11:25'),(19,'delivery',1,10.8699983,78.3956483,'2026-05-21 04:11:26'),(20,'delivery',1,10.8699983,78.3956483,'2026-05-21 04:11:29'),(21,'delivery',1,10.8699967,78.3956467,'2026-05-21 04:11:30'),(22,'delivery',1,10.8700083,78.3956467,'2026-05-21 04:11:30'),(23,'delivery',1,10.8700233,78.3956550,'2026-05-21 04:11:32'),(24,'delivery',1,10.8700300,78.3956517,'2026-05-21 04:11:32'),(25,'delivery',1,10.8700317,78.3956567,'2026-05-21 04:11:33'),(26,'delivery',1,10.8700300,78.3956683,'2026-05-21 04:11:34'),(27,'delivery',1,10.8700300,78.3956733,'2026-05-21 04:11:35'),(28,'delivery',1,10.8700283,78.3956783,'2026-05-21 04:11:37'),(29,'delivery',1,10.8700400,78.3956583,'2026-05-21 04:11:48'),(30,'delivery',1,10.8700450,78.3956650,'2026-05-21 04:11:49'),(31,'delivery',1,10.8700433,78.3956683,'2026-05-21 04:11:49'),(32,'delivery',1,10.8700433,78.3956650,'2026-05-21 04:11:51'),(33,'delivery',1,10.8700433,78.3956667,'2026-05-21 04:11:51'),(34,'delivery',1,10.8700433,78.3956683,'2026-05-21 04:11:51'),(35,'delivery',1,10.8700450,78.3956683,'2026-05-21 04:11:52'),(36,'delivery',1,10.8700467,78.3956683,'2026-05-21 04:11:53'),(37,'delivery',1,10.8700533,78.3956683,'2026-05-21 04:11:54'),(38,'delivery',1,10.8700567,78.3956700,'2026-05-21 04:11:55'),(39,'delivery',1,10.8700600,78.3956700,'2026-05-21 04:11:56'),(40,'delivery',1,10.8700617,78.3956683,'2026-05-21 04:11:57'),(41,'delivery',1,10.8700633,78.3956683,'2026-05-21 04:11:58'),(42,'delivery',1,10.8700650,78.3956700,'2026-05-21 04:11:59'),(43,'delivery',1,10.8700667,78.3956700,'2026-05-21 04:12:00'),(44,'delivery',1,10.8700683,78.3956717,'2026-05-21 04:12:01'),(45,'delivery',1,10.8700683,78.3956717,'2026-05-21 04:12:02'),(46,'delivery',1,10.8700683,78.3956717,'2026-05-21 04:12:03'),(47,'delivery',1,10.8700683,78.3956717,'2026-05-21 04:12:04'),(48,'delivery',1,10.8700683,78.3956717,'2026-05-21 04:12:05'),(49,'delivery',1,10.8700700,78.3956717,'2026-05-21 04:12:06'),(50,'delivery',1,10.8700700,78.3956717,'2026-05-21 04:12:06'),(51,'delivery',1,10.8700700,78.3956717,'2026-05-21 04:12:07'),(52,'delivery',1,10.8700733,78.3956733,'2026-05-21 04:12:08'),(53,'delivery',1,10.8700733,78.3956733,'2026-05-21 04:12:09'),(54,'delivery',1,10.8700733,78.3956717,'2026-05-21 04:12:10'),(55,'delivery',1,10.8700733,78.3956717,'2026-05-21 04:12:11'),(56,'delivery',1,10.8700733,78.3956717,'2026-05-21 04:12:12'),(57,'delivery',1,10.8700717,78.3956717,'2026-05-21 04:12:13'),(58,'delivery',1,10.8700717,78.3956717,'2026-05-21 04:12:14'),(59,'delivery',1,10.8700717,78.3956717,'2026-05-21 04:12:14'),(60,'delivery',1,10.8700700,78.3956733,'2026-05-21 04:12:15'),(61,'delivery',1,10.8700683,78.3956733,'2026-05-21 04:12:16'),(62,'delivery',1,10.8700683,78.3956733,'2026-05-21 04:12:17'),(63,'delivery',1,10.8700650,78.3956733,'2026-05-21 04:12:18'),(64,'delivery',1,10.8700633,78.3956717,'2026-05-21 04:12:19'),(65,'delivery',1,10.8700633,78.3956717,'2026-05-21 04:12:20'),(66,'delivery',1,10.8700633,78.3956683,'2026-05-21 04:12:21'),(67,'delivery',1,10.8700633,78.3956683,'2026-05-21 04:12:22'),(68,'delivery',1,10.8700633,78.3956683,'2026-05-21 04:12:23'),(69,'delivery',1,10.8700633,78.3956617,'2026-05-21 04:13:01'),(70,'delivery',1,10.8700617,78.3956617,'2026-05-21 04:13:01'),(71,'delivery',1,10.8700600,78.3956683,'2026-05-21 04:13:01'),(72,'delivery',1,10.8700533,78.3956783,'2026-05-21 04:13:02'),(73,'delivery',1,10.8700567,78.3956850,'2026-05-21 04:13:02'),(74,'delivery',1,10.8700533,78.3956900,'2026-05-21 04:13:03'),(75,'delivery',1,10.8700483,78.3956917,'2026-05-21 04:13:04'),(76,'delivery',1,10.8700417,78.3956917,'2026-05-21 04:13:05'),(77,'delivery',1,10.8700383,78.3956883,'2026-05-21 04:13:06'),(78,'delivery',1,10.8700350,78.3956867,'2026-05-21 04:13:07'),(79,'delivery',1,10.8700317,78.3956833,'2026-05-21 04:13:08'),(80,'delivery',1,10.8700300,78.3956817,'2026-05-21 04:13:09'),(81,'delivery',1,10.8700300,78.3956817,'2026-05-21 04:13:09'),(82,'delivery',1,10.8700283,78.3956783,'2026-05-21 04:13:10'),(83,'delivery',1,10.8700283,78.3956750,'2026-05-21 04:13:11'),(84,'delivery',1,10.8700267,78.3956733,'2026-05-21 04:13:12'),(85,'delivery',1,10.8700283,78.3956717,'2026-05-21 04:13:41'),(86,'delivery',1,10.8700283,78.3956667,'2026-05-21 04:13:41'),(87,'delivery',1,10.8700283,78.3956667,'2026-05-21 04:13:42'),(88,'delivery',1,10.8700283,78.3956617,'2026-05-21 04:13:43'),(89,'delivery',1,10.8700250,78.3956583,'2026-05-21 04:13:45'),(90,'delivery',1,10.8700250,78.3956583,'2026-05-21 04:13:46'),(91,'delivery',1,10.8700250,78.3956583,'2026-05-21 04:13:46'),(92,'delivery',1,10.8700233,78.3956600,'2026-05-21 04:13:47'),(93,'delivery',1,10.8700283,78.3956683,'2026-05-21 04:13:47'),(94,'delivery',1,10.8700317,78.3956717,'2026-05-21 04:13:48'),(95,'transport',1,10.8699717,78.3956583,'2026-05-21 07:51:21'),(96,'transport',1,10.8699717,78.3956583,'2026-05-21 07:51:21'),(97,'transport',1,10.8699836,78.3956368,'2026-05-21 07:51:25'),(98,'transport',1,10.8699880,78.3956366,'2026-05-21 07:51:30'),(99,'transport',1,10.8699886,78.3956341,'2026-05-21 07:51:35'),(100,'transport',1,10.8699952,78.3956416,'2026-05-21 07:51:39'),(101,'transport',1,10.8700015,78.3956460,'2026-05-21 07:51:45'),(102,'delivery',1,10.9383540,78.4185790,'2026-05-21 13:28:19'),(103,'delivery',1,10.9383540,78.4185790,'2026-05-21 13:29:07'),(104,'delivery',1,10.9383540,78.4185790,'2026-05-21 13:29:57'),(105,'delivery',1,10.9383540,78.4185790,'2026-05-21 13:30:01'),(106,'delivery',1,10.9383540,78.4185790,'2026-05-21 13:30:41'),(107,'delivery',1,10.9383540,78.4185790,'2026-05-21 13:34:34'),(108,'delivery',1,10.9383540,78.4185790,'2026-05-21 13:47:04'),(109,'delivery',1,10.9383540,78.4185790,'2026-05-21 13:47:27'),(110,'delivery',1,10.9383540,78.4185790,'2026-05-21 13:47:59'),(111,'delivery',1,10.9383540,78.4185790,'2026-05-21 13:49:04'),(112,'delivery',1,10.9383540,78.4185790,'2026-05-21 15:19:33'),(113,'delivery',1,10.9383540,78.4185790,'2026-05-21 15:39:45'),(114,'delivery',1,10.9383540,78.4185790,'2026-05-21 15:39:55'),(115,'delivery',1,10.9383540,78.4185790,'2026-05-21 16:01:36'),(116,'delivery',1,10.9383540,78.4185790,'2026-05-21 16:19:28'),(117,'delivery',1,10.9383540,78.4185790,'2026-05-21 16:34:26'),(118,'delivery',1,10.9383540,78.4185790,'2026-05-21 16:46:50'),(119,'delivery',1,10.9383540,78.4185790,'2026-05-21 16:49:32'),(120,'delivery',1,10.9383540,78.4185790,'2026-05-21 17:03:55'),(121,'delivery',1,10.9383540,78.4185790,'2026-05-21 17:23:36'),(122,'delivery',1,10.9383540,78.4185790,'2026-05-21 17:45:38'),(123,'delivery',1,10.9383540,78.4185790,'2026-05-22 15:39:30'),(124,'delivery',1,10.9383540,78.4185790,'2026-05-22 15:54:28'),(125,'delivery',1,10.9383540,78.4185790,'2026-05-22 15:55:02'),(126,'delivery',1,10.9383540,78.4185790,'2026-05-22 15:55:15'),(127,'delivery',1,10.9383540,78.4185790,'2026-05-22 15:55:21'),(128,'delivery',1,10.9383540,78.4185790,'2026-05-22 16:30:10'),(129,'delivery',1,10.9383540,78.4185790,'2026-05-22 17:00:16'),(130,'delivery',1,10.9383540,78.4185790,'2026-05-22 17:00:20'),(131,'delivery',1,10.9383540,78.4185790,'2026-05-22 17:02:14'),(132,'delivery',1,10.9383540,78.4185790,'2026-05-23 13:28:22'),(133,'delivery',1,10.9383540,78.4185790,'2026-05-23 13:48:33'),(134,'delivery',1,10.9383540,78.4185790,'2026-05-23 16:04:22'),(135,'delivery',1,10.9894000,76.9598000,'2026-05-26 09:13:18'),(136,'delivery',1,10.9383540,78.4185790,'2026-05-27 09:11:10'),(137,'delivery',1,10.9383540,78.4185790,'2026-05-27 10:08:25'),(138,'delivery',2,10.9383540,78.4185790,'2026-06-09 14:00:27'),(139,'delivery',2,10.9383540,78.4185790,'2026-06-09 14:00:40'),(140,'delivery',2,10.9383540,78.4185790,'2026-06-09 14:01:11'),(141,'delivery',2,10.9383540,78.4185790,'2026-06-10 02:17:14'),(142,'delivery',2,10.9383540,78.4185790,'2026-06-10 02:17:30'),(143,'delivery',2,10.9383540,78.4185790,'2026-06-10 02:59:02'),(144,'delivery',2,10.9383540,78.4185790,'2026-06-10 03:07:56'),(145,'delivery',2,10.9383540,78.4185790,'2026-06-10 03:09:46'),(146,'delivery',2,10.9383540,78.4185790,'2026-06-10 03:10:11'),(147,'delivery',2,10.9383540,78.4185790,'2026-06-10 03:15:41'),(148,'delivery',2,10.9383540,78.4185790,'2026-06-10 03:22:58'),(149,'delivery',2,10.9383540,78.4185790,'2026-06-10 03:23:20'),(150,'delivery',2,10.9383540,78.4185790,'2026-06-10 03:23:54'),(151,'delivery',2,10.9383540,78.4185790,'2026-06-10 03:24:12'),(152,'delivery',2,10.9383540,78.4185790,'2026-06-10 03:28:06'),(153,'delivery',2,10.9383540,78.4185790,'2026-06-10 03:28:26'),(154,'delivery',2,10.9383540,78.4185790,'2026-06-10 03:28:44'),(155,'delivery',2,10.9383540,78.4185790,'2026-06-10 03:28:50'),(156,'delivery',2,10.9383540,78.4185790,'2026-06-10 03:28:58'),(157,'delivery',2,10.9383540,78.4185790,'2026-06-10 03:29:17'),(158,'delivery',2,10.9383540,78.4185790,'2026-06-10 03:29:37'),(159,'delivery',2,10.9383540,78.4185790,'2026-06-10 03:30:01'),(160,'delivery',2,10.9383540,78.4185790,'2026-06-10 03:31:05'),(161,'delivery',2,10.9383540,78.4185790,'2026-06-10 03:31:35'),(162,'delivery',2,10.9383540,78.4185790,'2026-06-10 03:32:08'),(163,'delivery',2,10.9383540,78.4185790,'2026-06-10 03:32:53'),(164,'delivery',2,10.9383540,78.4185790,'2026-06-10 03:33:07'),(165,'delivery',2,10.9383540,78.4185790,'2026-06-10 03:33:26'),(166,'delivery',2,10.9383540,78.4185790,'2026-06-10 03:33:31'),(167,'delivery',2,10.9383540,78.4185790,'2026-06-10 03:34:01'),(168,'delivery',1,10.9383540,78.4185790,'2026-06-10 03:38:01'),(169,'delivery',1,10.9383540,78.4185790,'2026-06-10 03:38:14'),(170,'delivery',1,10.9383540,78.4185790,'2026-06-10 03:38:17'),(171,'delivery',1,10.9383540,78.4185790,'2026-06-10 03:38:17'),(172,'delivery',1,10.9383540,78.4185790,'2026-06-10 03:38:29'),(173,'delivery',1,10.9383540,78.4185790,'2026-06-10 03:38:48'),(174,'delivery',1,10.9383540,78.4185790,'2026-06-10 03:38:49'),(175,'delivery',1,10.9383540,78.4185790,'2026-06-10 03:38:58'),(176,'delivery',1,10.9383540,78.4185790,'2026-06-10 03:39:04'),(177,'delivery',1,10.9383540,78.4185790,'2026-06-10 03:39:28'),(178,'delivery',1,10.9383540,78.4185790,'2026-06-10 03:39:33'),(179,'delivery',1,10.9383540,78.4185790,'2026-06-10 03:39:36'),(180,'delivery',1,10.9383540,78.4185790,'2026-06-10 03:39:38'),(181,'delivery',1,10.9383540,78.4185790,'2026-06-10 03:39:42'),(182,'delivery',1,10.9383540,78.4185790,'2026-06-10 03:39:47'),(183,'delivery',1,10.9383540,78.4185790,'2026-06-10 03:39:51'),(184,'delivery',1,10.9383540,78.4185790,'2026-06-10 03:39:58'),(185,'delivery',2,10.9383540,78.4185790,'2026-06-10 03:40:15'),(186,'delivery',2,10.9383540,78.4185790,'2026-06-10 03:40:37'),(187,'delivery',2,10.9383540,78.4185790,'2026-06-10 03:40:39'),(188,'delivery',2,10.9383540,78.4185790,'2026-06-10 03:41:39'),(189,'delivery',2,10.9383540,78.4185790,'2026-06-10 03:41:46'),(190,'delivery',2,10.9383540,78.4185790,'2026-06-10 03:41:49'),(191,'delivery',2,10.9383540,78.4185790,'2026-06-10 03:41:57'),(192,'delivery',2,10.9383540,78.4185790,'2026-06-10 03:49:14'),(193,'delivery',2,10.9383540,78.4185790,'2026-06-10 03:49:42'),(194,'delivery',2,10.9383540,78.4185790,'2026-06-10 03:50:35'),(195,'delivery',2,10.9383540,78.4185790,'2026-06-10 03:57:19'),(196,'delivery',2,10.9383540,78.4185790,'2026-06-10 03:57:25'),(197,'delivery',2,10.9383540,78.4185790,'2026-06-10 03:57:28'),(198,'delivery',2,10.9383540,78.4185790,'2026-06-10 03:57:40'),(199,'delivery',2,10.9383540,78.4185790,'2026-06-10 03:57:45'),(200,'delivery',2,10.9383540,78.4185790,'2026-06-10 03:57:52'),(201,'delivery',2,10.9383540,78.4185790,'2026-06-10 03:58:42'),(202,'delivery',2,10.9383540,78.4185790,'2026-06-10 03:59:02'),(203,'delivery',2,10.9383540,78.4185790,'2026-06-10 04:25:07'),(204,'delivery',2,10.9383540,78.4185790,'2026-06-10 04:26:32'),(205,'delivery',2,10.9383540,78.4185790,'2026-06-10 04:26:38'),(206,'delivery',2,10.9383540,78.4185790,'2026-06-10 04:26:52'),(207,'delivery',2,10.9383540,78.4185790,'2026-06-10 04:27:01'),(208,'delivery',2,10.9383540,78.4185790,'2026-06-10 04:27:04'),(209,'delivery',2,10.9383540,78.4185790,'2026-06-10 04:44:09'),(210,'delivery',2,10.9383540,78.4185790,'2026-06-10 04:45:28'),(211,'delivery',2,10.9383540,78.4185790,'2026-06-10 04:56:51'),(212,'delivery',2,10.9383540,78.4185790,'2026-06-10 05:02:09'),(213,'transport',1,10.9383540,78.4185790,'2026-06-10 05:20:21'),(214,'transport',1,10.9383540,78.4185790,'2026-06-10 05:20:26'),(215,'transport',1,10.9383540,78.4185790,'2026-06-10 05:23:55'),(216,'transport',1,10.9383540,78.4185790,'2026-06-10 05:23:58'),(217,'transport',1,10.9383540,78.4185790,'2026-06-10 05:24:05'),(218,'transport',1,10.9383540,78.4185790,'2026-06-10 05:24:53'),(219,'transport',1,10.9383540,78.4185790,'2026-06-10 05:26:09'),(220,'transport',1,10.9383540,78.4185790,'2026-06-10 05:26:14'),(221,'transport',1,10.9383540,78.4185790,'2026-06-10 05:26:20'),(222,'transport',1,10.9383540,78.4185790,'2026-06-10 05:26:24'),(223,'transport',1,10.9383540,78.4185790,'2026-06-10 05:26:29'),(224,'transport',1,10.9383540,78.4185790,'2026-06-10 05:26:34'),(225,'transport',1,10.9383540,78.4185790,'2026-06-10 05:26:39'),(226,'transport',1,10.9383540,78.4185790,'2026-06-10 05:26:46'),(227,'transport',1,10.9383540,78.4185790,'2026-06-10 05:26:49'),(228,'transport',1,10.9383540,78.4185790,'2026-06-10 05:26:56'),(229,'transport',1,10.9383540,78.4185790,'2026-06-10 05:26:59'),(230,'transport',1,10.9383540,78.4185790,'2026-06-10 05:27:06'),(231,'transport',1,10.9383540,78.4185790,'2026-06-10 05:27:09'),(232,'transport',1,10.9383540,78.4185790,'2026-06-10 05:27:15'),(233,'transport',1,10.9383540,78.4185790,'2026-06-10 05:27:21'),(234,'transport',1,10.9383540,78.4185790,'2026-06-10 05:27:24'),(235,'transport',1,10.9383540,78.4185790,'2026-06-10 05:27:29'),(236,'transport',1,10.9383540,78.4185790,'2026-06-10 05:27:34'),(237,'transport',1,10.9383540,78.4185790,'2026-06-10 05:28:25'),(238,'transport',1,10.9383540,78.4185790,'2026-06-10 05:29:23'),(239,'transport',1,10.9383540,78.4185790,'2026-06-10 05:30:23'),(240,'transport',1,10.9383540,78.4185790,'2026-06-10 05:31:25'),(241,'transport',1,10.9383540,78.4185790,'2026-06-10 05:33:23'),(242,'transport',1,10.9383540,78.4185790,'2026-06-10 05:34:25'),(243,'transport',1,10.9383540,78.4185790,'2026-06-10 05:35:25'),(244,'transport',1,10.9383540,78.4185790,'2026-06-10 05:36:23'),(245,'transport',1,10.9383540,78.4185790,'2026-06-10 05:37:18'),(246,'transport',1,10.9383540,78.4185790,'2026-06-10 05:37:25'),(247,'transport',1,10.9383540,78.4185790,'2026-06-10 05:37:28'),(248,'transport',1,10.9383540,78.4185790,'2026-06-10 05:37:33'),(249,'transport',1,10.9383540,78.4185790,'2026-06-10 05:37:40'),(250,'transport',1,10.9383540,78.4185790,'2026-06-10 05:37:43'),(251,'transport',1,10.9383540,78.4185790,'2026-06-10 05:37:48'),(252,'delivery',2,10.9383540,78.4185790,'2026-06-10 05:37:50'),(253,'transport',1,10.9383540,78.4185790,'2026-06-10 05:37:53'),(254,'transport',1,10.9383540,78.4185790,'2026-06-10 05:37:58'),(255,'transport',1,10.9383540,78.4185790,'2026-06-10 05:38:03'),(256,'transport',1,10.9383540,78.4185790,'2026-06-10 05:38:08'),(257,'transport',1,10.9383540,78.4185790,'2026-06-10 05:38:15'),(258,'transport',1,10.9383540,78.4185790,'2026-06-10 05:38:18'),(259,'transport',1,10.9383540,78.4185790,'2026-06-10 05:38:23'),(260,'transport',1,10.9383540,78.4185790,'2026-06-10 05:39:25'),(261,'transport',1,10.9383540,78.4185790,'2026-06-10 05:40:23'),(262,'transport',1,10.9383540,78.4185790,'2026-06-10 05:41:23'),(263,'transport',1,10.9383540,78.4185790,'2026-06-10 05:42:23'),(264,'transport',1,10.9383540,78.4185790,'2026-06-10 05:43:23'),(265,'transport',1,10.9383540,78.4185790,'2026-06-10 05:44:23'),(266,'transport',1,10.9383540,78.4185790,'2026-06-10 05:45:24'),(267,'transport',1,10.9383540,78.4185790,'2026-06-10 05:45:54'),(268,'transport',1,10.9383540,78.4185790,'2026-06-10 05:46:00'),(269,'transport',1,10.9383540,78.4185790,'2026-06-10 05:46:03'),(270,'transport',1,10.9383540,78.4185790,'2026-06-10 05:46:09'),(271,'transport',1,10.9383540,78.4185790,'2026-06-10 05:46:13'),(272,'delivery',2,10.9383540,78.4185790,'2026-06-10 05:52:51'),(273,'transport',1,10.9383540,78.4185790,'2026-06-10 05:53:02'),(274,'transport',1,10.9383540,78.4185790,'2026-06-10 05:53:26'),(275,'transport',1,10.9383540,78.4185790,'2026-06-10 05:54:09'),(276,'transport',1,10.9383540,78.4185790,'2026-06-10 05:54:09'),(277,'transport',1,10.9383540,78.4185790,'2026-06-10 05:54:29'),(278,'delivery',2,10.9383540,78.4185790,'2026-06-12 15:30:15'),(279,'delivery',2,10.9383540,78.4185790,'2026-06-12 15:30:25'),(280,'delivery',2,10.9383540,78.4185790,'2026-06-12 15:30:32'),(281,'delivery',2,10.9383540,78.4185790,'2026-06-12 15:30:42'),(282,'delivery',2,10.9383540,78.4185790,'2026-06-12 15:53:26'),(283,'delivery',2,10.9383540,78.4185790,'2026-06-12 16:21:52'),(284,'delivery',2,10.9383540,78.4185790,'2026-06-12 16:25:46'),(285,'delivery',2,10.9383540,78.4185790,'2026-06-12 16:25:50'),(286,'delivery',2,10.9383540,78.4185790,'2026-06-12 16:29:09'),(287,'delivery',2,10.9383540,78.4185790,'2026-06-12 16:29:17'),(288,'delivery',2,10.9383540,78.4185790,'2026-06-12 16:29:18'),(289,'delivery',2,10.9383540,78.4185790,'2026-06-12 16:29:20'),(290,'delivery',2,10.9383540,78.4185790,'2026-06-12 16:29:20'),(291,'delivery',2,10.9383540,78.4185790,'2026-06-12 16:29:24'),(292,'delivery',2,10.9383540,78.4185790,'2026-06-12 16:29:32'),(293,'delivery',2,10.9383540,78.4185790,'2026-06-12 16:32:46'),(294,'delivery',2,10.9383540,78.4185790,'2026-06-12 16:33:54'),(295,'delivery',2,10.9383540,78.4185790,'2026-06-12 16:36:05'),(296,'delivery',2,10.9383540,78.4185790,'2026-06-12 16:36:15'),(297,'delivery',2,10.9383540,78.4185790,'2026-06-12 16:36:29'),(298,'delivery',2,10.9383540,78.4185790,'2026-06-12 16:36:37'),(299,'delivery',2,10.9383540,78.4185790,'2026-06-12 16:37:10'),(300,'delivery',2,10.9383540,78.4185790,'2026-06-12 16:37:17'),(301,'delivery',2,10.9383540,78.4185790,'2026-06-12 16:37:35'),(302,'transport',1,10.9383540,78.4185790,'2026-06-12 16:37:48'),(303,'transport',1,10.9383540,78.4185790,'2026-06-12 16:44:01'),(304,'transport',1,10.9383540,78.4185790,'2026-06-12 16:44:12'),(305,'delivery',2,10.9383540,78.4185790,'2026-06-12 16:50:45'),(306,'transport',1,10.9383540,78.4185790,'2026-06-14 10:40:21'),(307,'transport',1,10.9383540,78.4185790,'2026-06-14 10:40:21'),(308,'transport',1,10.9383540,78.4185790,'2026-06-14 10:40:21'),(309,'transport',1,10.9383540,78.4185790,'2026-06-14 10:40:35'),(310,'transport',1,10.9383540,78.4185790,'2026-06-14 10:40:35'),(311,'transport',1,10.9383540,78.4185790,'2026-06-14 10:40:36'),(312,'delivery',2,10.9383540,78.4185790,'2026-06-14 10:41:50'),(313,'delivery',2,10.9383540,78.4185790,'2026-06-14 10:42:21'),(314,'delivery',2,10.9383540,78.4185790,'2026-06-14 10:47:20'),(315,'delivery',2,10.9383540,78.4185790,'2026-06-14 10:47:53'),(316,'delivery',2,10.9383540,78.4185790,'2026-06-14 10:53:11'),(317,'delivery',2,10.9383540,78.4185790,'2026-06-14 10:53:13'),(318,'delivery',2,10.9383540,78.4185790,'2026-06-14 10:53:26'),(319,'delivery',2,10.9383540,78.4185790,'2026-06-14 10:53:27'),(320,'delivery',2,10.9383540,78.4185790,'2026-06-14 10:55:06'),(321,'delivery',2,10.9383540,78.4185790,'2026-06-14 10:55:06'),(322,'delivery',2,10.9383540,78.4185790,'2026-06-14 10:55:23'),(323,'delivery',2,10.9383540,78.4185790,'2026-06-14 10:55:23'),(324,'delivery',2,10.9383540,78.4185790,'2026-06-14 10:55:47'),(325,'delivery',2,10.9383540,78.4185790,'2026-06-14 10:55:49'),(326,'delivery',2,10.9383540,78.4185790,'2026-06-14 10:58:29'),(327,'delivery',2,10.9383540,78.4185790,'2026-06-14 10:58:31'),(328,'delivery',2,10.9383540,78.4185790,'2026-06-14 10:58:51'),(329,'delivery',2,10.9383540,78.4185790,'2026-06-14 10:59:20'),(330,'delivery',2,10.9383540,78.4185790,'2026-06-14 11:00:08'),(331,'delivery',2,10.9383540,78.4185790,'2026-06-14 11:00:22'),(332,'delivery',2,10.9383540,78.4185790,'2026-06-14 11:00:38'),(333,'delivery',2,10.9383540,78.4185790,'2026-06-14 11:01:02'),(334,'delivery',2,10.9383540,78.4185790,'2026-06-14 11:03:46'),(335,'delivery',2,10.9383540,78.4185790,'2026-06-14 11:04:09'),(336,'delivery',2,10.9383540,78.4185790,'2026-06-14 11:04:17'),(337,'delivery',2,10.9383540,78.4185790,'2026-06-14 11:05:29'),(338,'delivery',2,10.9383540,78.4185790,'2026-06-14 11:06:09'),(339,'delivery',2,10.9383540,78.4185790,'2026-06-14 11:08:29'),(340,'delivery',2,10.9383540,78.4185790,'2026-06-14 11:08:43'),(341,'delivery',2,10.9383540,78.4185790,'2026-06-14 11:09:53'),(342,'delivery',2,10.9383540,78.4185790,'2026-06-14 11:10:03'),(343,'delivery',2,10.9383540,78.4185790,'2026-06-14 11:13:26'),(344,'delivery',2,10.9383540,78.4185790,'2026-06-14 11:14:21'),(345,'delivery',2,10.9383540,78.4185790,'2026-06-14 11:15:40'),(346,'delivery',2,10.9383540,78.4185790,'2026-06-14 11:18:23'),(347,'delivery',2,10.9383540,78.4185790,'2026-06-14 11:18:51'),(348,'delivery',2,10.9383540,78.4185790,'2026-06-18 12:18:09'),(349,'delivery',2,10.9383540,78.4185790,'2026-06-18 12:19:20'),(350,'transport',1,10.9383540,78.4185790,'2026-06-18 12:19:28'),(351,'transport',1,10.9383540,78.4185790,'2026-06-18 12:19:38'),(352,'transport',1,10.9383540,78.4185790,'2026-06-18 12:19:54'),(353,'delivery',2,10.9383540,78.4185790,'2026-06-18 12:21:43'),(354,'delivery',2,10.9383540,78.4185790,'2026-06-18 12:29:07'),(355,'delivery',2,10.9383540,78.4185790,'2026-06-18 12:33:56'),(356,'delivery',2,10.9383540,78.4185790,'2026-06-18 12:34:26'),(357,'delivery',2,10.9383540,78.4185790,'2026-06-18 12:59:25'),(358,'delivery',2,10.9383540,78.4185790,'2026-06-18 12:59:55'),(359,'delivery',2,10.9383540,78.4185790,'2026-06-18 12:59:57'),(360,'delivery',2,10.9383540,78.4185790,'2026-06-18 13:31:14'),(361,'delivery',2,10.9383540,78.4185790,'2026-06-18 13:31:25'),(362,'delivery',2,10.9383540,78.4185790,'2026-06-18 13:31:34'),(363,'delivery',2,10.9383540,78.4185790,'2026-06-18 13:35:10'),(364,'delivery',2,10.9383540,78.4185790,'2026-06-18 14:17:26'),(365,'delivery',2,10.9383540,78.4185790,'2026-06-18 14:17:32'),(366,'delivery',2,10.9383540,78.4185790,'2026-06-18 14:17:34'),(367,'delivery',2,10.9383540,78.4185790,'2026-06-18 14:18:57'),(368,'delivery',2,10.9383540,78.4185790,'2026-06-18 14:18:58'),(369,'delivery',2,10.9383540,78.4185790,'2026-06-18 14:23:46'),(370,'delivery',2,10.9383540,78.4185790,'2026-06-18 14:26:48'),(371,'delivery',2,10.9383540,78.4185790,'2026-06-18 14:32:31'),(372,'delivery',2,10.9383540,78.4185790,'2026-06-18 14:33:03'),(373,'delivery',2,10.9383540,78.4185790,'2026-06-18 14:33:13'),(374,'delivery',2,10.9383540,78.4185790,'2026-06-18 14:33:45'),(375,'transport',1,10.9383540,78.4185790,'2026-06-18 14:42:23'),(376,'transport',1,10.9383540,78.4185790,'2026-06-18 14:42:23'),(377,'transport',1,10.9383540,78.4185790,'2026-06-18 14:42:24'),(378,'transport',1,10.9383540,78.4185790,'2026-06-18 14:42:33'),(379,'delivery',2,10.9383540,78.4185790,'2026-06-18 14:44:58'),(380,'delivery',2,10.9383540,78.4185790,'2026-06-18 14:55:20'),(381,'delivery',2,10.9383540,78.4185790,'2026-06-18 15:19:00'),(382,'delivery',2,10.9383540,78.4185790,'2026-06-18 15:26:05'),(383,'delivery',2,10.9383540,78.4185790,'2026-06-19 06:37:55'),(384,'delivery',2,10.9383540,78.4185790,'2026-06-19 06:38:01'),(385,'transport',1,10.9383540,78.4185790,'2026-06-19 06:39:56'),(386,'transport',1,10.9383540,78.4185790,'2026-06-19 06:41:59'),(387,'transport',1,10.9383540,78.4185790,'2026-06-19 06:43:25'),(388,'transport',1,10.9383540,78.4185790,'2026-06-19 06:43:32'),(389,'delivery',2,10.9383540,78.4185790,'2026-06-19 06:44:06'),(390,'delivery',2,10.9383540,78.4185790,'2026-06-19 06:45:41'),(391,'delivery',2,10.9383540,78.4185790,'2026-06-19 10:14:00'),(392,'delivery',2,10.9383540,78.4185790,'2026-06-19 10:14:25'),(393,'delivery',2,10.9383540,78.4185790,'2026-06-19 10:18:17'),(394,'delivery',2,10.9383540,78.4185790,'2026-06-19 10:19:35'),(395,'delivery',2,10.9383540,78.4185790,'2026-06-19 10:20:05'),(396,'delivery',2,10.9383540,78.4185790,'2026-06-19 10:20:26'),(397,'transport',1,10.9383540,78.4185790,'2026-06-20 06:20:05'),(398,'transport',1,10.9383540,78.4185790,'2026-06-20 06:21:36'),(399,'transport',1,10.9383540,78.4185790,'2026-06-20 06:31:59'),(400,'transport',1,10.9383540,78.4185790,'2026-06-20 06:32:06'),(401,'transport',1,10.9383540,78.4185790,'2026-06-20 06:32:09'),(402,'transport',3,10.9383540,78.4185790,'2026-06-20 07:20:19'),(403,'transport',3,10.9383540,78.4185790,'2026-06-20 07:20:23'),(404,'transport',1,10.9383540,78.4185790,'2026-06-20 07:24:59'),(405,'transport',1,10.9383540,78.4185790,'2026-06-20 07:25:05'),(406,'delivery',2,10.9383540,78.4185790,'2026-06-20 07:25:19'),(407,'delivery',2,10.9383540,78.4185790,'2026-06-20 07:25:27'),(408,'delivery',2,10.9383540,78.4185790,'2026-06-20 07:28:07'),(409,'delivery',2,10.9383540,78.4185790,'2026-06-20 07:31:59'),(410,'delivery',2,10.9383540,78.4185790,'2026-06-20 07:35:06'),(411,'delivery',2,10.9383540,78.4185790,'2026-06-20 07:36:35'),(412,'delivery',2,10.9383540,78.4185790,'2026-06-20 07:37:07'),(413,'delivery',2,10.9383540,78.4185790,'2026-06-20 07:38:45'),(414,'delivery',2,10.9383540,78.4185790,'2026-06-20 07:42:04'),(415,'delivery',2,10.9383540,78.4185790,'2026-06-20 07:42:26'),(416,'delivery',2,10.9383540,78.4185790,'2026-06-20 07:51:38'),(417,'delivery',2,10.9383540,78.4185790,'2026-06-20 08:03:47'),(418,'delivery',2,10.9383540,78.4185790,'2026-06-20 08:03:57'),(419,'delivery',2,10.9383540,78.4185790,'2026-06-20 08:03:57'),(420,'delivery',2,10.9383540,78.4185790,'2026-06-20 08:10:50'),(421,'delivery',2,10.9383540,78.4185790,'2026-06-20 08:11:04'),(422,'delivery',2,10.9383540,78.4185790,'2026-06-20 08:11:15'),(423,'delivery',2,10.9383540,78.4185790,'2026-06-20 08:11:27'),(424,'delivery',2,10.9383540,78.4185790,'2026-06-20 08:11:45'),(425,'delivery',2,10.9383540,78.4185790,'2026-06-20 08:11:55'),(426,'delivery',2,10.9383540,78.4185790,'2026-06-20 08:11:55'),(427,'delivery',2,10.9383540,78.4185790,'2026-06-20 08:12:31'),(428,'delivery',2,10.9383540,78.4185790,'2026-06-20 08:13:09'),(429,'delivery',2,10.9383540,78.4185790,'2026-06-20 08:13:25'),(430,'delivery',2,10.9383540,78.4185790,'2026-06-20 08:13:51'),(431,'delivery',2,10.9383540,78.4185790,'2026-06-20 08:14:47'),(432,'delivery',2,10.9383540,78.4185790,'2026-06-20 08:14:56'),(433,'delivery',2,10.9383540,78.4185790,'2026-06-20 08:15:29'),(434,'delivery',2,10.9383540,78.4185790,'2026-06-20 08:16:52'),(435,'delivery',2,10.9383540,78.4185790,'2026-06-20 08:17:19'),(436,'delivery',2,10.9383540,78.4185790,'2026-06-20 08:17:53'),(437,'delivery',2,10.9383540,78.4185790,'2026-06-20 08:18:47'),(438,'delivery',2,10.9383540,78.4185790,'2026-06-20 08:20:23'),(439,'delivery',2,10.9383540,78.4185790,'2026-06-20 08:23:48'),(440,'delivery',2,10.9383540,78.4185790,'2026-06-20 08:25:29'),(441,'delivery',2,10.9383540,78.4185790,'2026-06-20 08:26:27'),(442,'delivery',2,10.9383540,78.4185790,'2026-06-20 08:27:04'),(443,'delivery',2,10.9383540,78.4185790,'2026-06-20 08:27:34'),(444,'delivery',2,10.9383540,78.4185790,'2026-06-20 08:29:30'),(445,'delivery',2,10.9383540,78.4185790,'2026-06-20 08:29:36'),(446,'delivery',2,10.9383540,78.4185790,'2026-06-20 08:29:45'),(447,'delivery',2,10.9383540,78.4185790,'2026-06-20 08:30:03'),(448,'delivery',2,10.9383540,78.4185790,'2026-06-20 08:30:17'),(449,'delivery',2,10.9383540,78.4185790,'2026-06-20 08:36:05'),(450,'delivery',2,10.9383540,78.4185790,'2026-06-20 08:36:27'),(451,'delivery',2,10.9383540,78.4185790,'2026-06-20 08:39:34'),(452,'delivery',2,10.9383540,78.4185790,'2026-06-20 08:42:09'),(453,'delivery',2,10.9383540,78.4185790,'2026-06-20 08:43:59'),(454,'delivery',2,10.9383540,78.4185790,'2026-06-20 08:44:06'),(455,'delivery',2,10.9383540,78.4185790,'2026-06-20 08:49:07'),(456,'delivery',2,10.9383540,78.4185790,'2026-06-20 09:13:48'),(457,'delivery',2,10.9383540,78.4185790,'2026-06-20 09:14:13'),(458,'delivery',2,10.9383540,78.4185790,'2026-06-20 09:14:33'),(459,'delivery',2,10.9383540,78.4185790,'2026-06-22 14:01:36'),(460,'delivery',2,10.9383540,78.4185790,'2026-06-22 14:01:46'),(461,'delivery',2,10.9383540,78.4185790,'2026-06-22 14:01:53'),(462,'delivery',2,10.9383540,78.4185790,'2026-06-22 14:07:34'),(463,'delivery',2,10.9383540,78.4185790,'2026-06-22 14:07:35'),(464,'delivery',2,10.9383540,78.4185790,'2026-06-22 14:18:07'),(465,'delivery',2,10.9383540,78.4185790,'2026-06-22 14:38:48'),(466,'delivery',2,10.9383540,78.4185790,'2026-06-22 14:39:12'),(467,'delivery',2,10.9383540,78.4185790,'2026-06-22 14:39:36'),(468,'delivery',2,10.9383540,78.4185790,'2026-06-22 14:40:18'),(469,'delivery',2,10.9383540,78.4185790,'2026-06-22 14:41:17'),(470,'delivery',2,10.9383540,78.4185790,'2026-06-22 14:41:30'),(471,'delivery',2,10.9383540,78.4185790,'2026-06-22 15:07:57'),(472,'delivery',2,10.9383540,78.4185790,'2026-06-22 15:11:13'),(473,'delivery',2,10.9383540,78.4185790,'2026-06-22 15:11:16'),(474,'delivery',2,10.9383540,78.4185790,'2026-06-22 15:11:24'),(475,'delivery',2,10.9383540,78.4185790,'2026-06-22 15:12:06'),(476,'delivery',2,10.9383540,78.4185790,'2026-06-22 15:15:17'),(477,'delivery',2,10.9383540,78.4185790,'2026-06-22 15:15:31'),(478,'delivery',2,10.9383540,78.4185790,'2026-06-22 15:15:42'),(479,'delivery',2,10.9383540,78.4185790,'2026-06-22 15:16:00'),(480,'delivery',2,10.9383540,78.4185790,'2026-06-22 15:16:08'),(481,'delivery',2,10.9383540,78.4185790,'2026-06-22 15:22:26'),(482,'delivery',2,10.9383540,78.4185790,'2026-06-22 15:22:27'),(483,'transport',5,10.9383540,78.4185790,'2026-06-22 15:39:36'),(484,'transport',5,10.9383540,78.4185790,'2026-06-22 15:39:40'),(485,'transport',5,10.9383540,78.4185790,'2026-06-22 15:39:46'),(486,'transport',5,10.9383540,78.4185790,'2026-06-22 15:47:26'),(487,'transport',5,10.9383540,78.4185790,'2026-06-22 15:47:31'),(488,'delivery',2,10.9383540,78.4185790,'2026-06-25 04:15:31'),(489,'delivery',2,10.9383540,78.4185790,'2026-06-25 04:16:35'),(490,'delivery',2,10.9383540,78.4185790,'2026-06-25 04:17:04'),(491,'delivery',2,10.9383540,78.4185790,'2026-06-25 04:17:33'),(492,'delivery',2,10.9383540,78.4185790,'2026-06-25 04:34:12'),(493,'delivery',2,10.9383540,78.4185790,'2026-06-25 04:34:30'),(494,'delivery',2,10.9383540,78.4185790,'2026-06-25 04:35:32'),(495,'delivery',2,10.9383540,78.4185790,'2026-06-25 04:36:06'),(496,'delivery',2,10.9383540,78.4185790,'2026-06-25 04:39:33'),(497,'delivery',2,10.9383540,78.4185790,'2026-06-25 04:41:56'),(498,'delivery',2,10.9383540,78.4185790,'2026-06-25 04:46:15'),(499,'delivery',2,10.9383540,78.4185790,'2026-06-25 04:46:18'),(500,'delivery',2,10.9383540,78.4185790,'2026-06-25 04:48:42'),(501,'delivery',2,10.9383540,78.4185790,'2026-06-25 04:48:57'),(502,'delivery',2,10.9383540,78.4185790,'2026-06-25 04:49:17'),(503,'delivery',2,10.9383540,78.4185790,'2026-06-25 04:49:41'),(504,'delivery',2,10.9383540,78.4185790,'2026-06-25 04:49:57'),(505,'delivery',2,10.9383540,78.4185790,'2026-06-25 04:53:05'),(506,'delivery',2,10.9383540,78.4185790,'2026-06-25 04:53:29'),(507,'delivery',2,10.9383540,78.4185790,'2026-06-25 04:56:34'),(508,'delivery',1,10.9383540,78.4185790,'2026-06-25 04:57:19'),(509,'delivery',1,10.9383540,78.4185790,'2026-06-25 04:57:30'),(510,'delivery',1,10.9383540,78.4185790,'2026-06-25 04:57:47'),(511,'delivery',2,10.9383540,78.4185790,'2026-06-25 04:58:37'),(512,'delivery',2,10.9383540,78.4185790,'2026-06-25 05:02:25'),(513,'delivery',2,10.9383540,78.4185790,'2026-06-25 05:13:00'),(514,'delivery',2,10.9383540,78.4185790,'2026-06-25 05:13:14'),(515,'delivery',2,10.9383540,78.4185790,'2026-06-25 05:13:46'),(516,'delivery',2,10.9383540,78.4185790,'2026-06-25 05:13:48'),(517,'delivery',2,10.9383540,78.4185790,'2026-06-25 05:13:54'),(518,'delivery',2,10.9383540,78.4185790,'2026-06-25 05:20:10'),(519,'delivery',2,10.9383540,78.4185790,'2026-06-25 05:20:18'),(520,'delivery',2,10.9383540,78.4185790,'2026-06-25 05:55:16'),(521,'delivery',2,10.9383540,78.4185790,'2026-06-25 05:55:54'),(522,'delivery',2,10.9383540,78.4185790,'2026-06-25 06:26:20'),(523,'delivery',2,10.9383540,78.4185790,'2026-06-25 06:26:35'),(524,'delivery',2,10.9383540,78.4185790,'2026-06-25 06:27:11'),(525,'delivery',2,10.9383540,78.4185790,'2026-06-25 06:27:25'),(526,'delivery',2,10.9383540,78.4185790,'2026-06-25 06:28:19'),(527,'delivery',2,10.9383540,78.4185790,'2026-06-25 06:28:40'),(528,'delivery',2,10.9383540,78.4185790,'2026-06-25 06:28:51'),(529,'delivery',2,10.9383540,78.4185790,'2026-06-25 06:34:18'),(530,'delivery',2,10.9383540,78.4185790,'2026-06-25 06:40:40'),(531,'delivery',2,10.9383540,78.4185790,'2026-06-25 06:53:57'),(532,'delivery',2,10.9383540,78.4185790,'2026-06-25 07:00:50'),(533,'delivery',2,10.9383540,78.4185790,'2026-06-25 07:17:33'),(534,'delivery',2,10.9383540,78.4185790,'2026-06-25 07:26:22'),(535,'delivery',2,10.9383540,78.4185790,'2026-06-25 07:44:48');
/*!40000 ALTER TABLE `partner_locations` ENABLE KEYS */;
UNLOCK TABLES;

--
-- Table structure for table `party_hall_bookings`
--

DROP TABLE IF EXISTS `party_hall_bookings`;
/*!40101 SET @saved_cs_client     = @@character_set_client */;
/*!50503 SET character_set_client = utf8mb4 */;
CREATE TABLE `party_hall_bookings` (
  `id` int NOT NULL AUTO_INCREMENT,
  `user id` int NOT NULL,
  `customer name` varchar(120) CHARACTER SET utf8mb4 COLLATE utf8mb4_general_ci NOT NULL,
  `customer_phone` varchar(25) CHARACTER SET utf8mb4 COLLATE utf8mb4_general_ci NOT NULL,
  `event date` date NOT NULL,
  `start time` time NOT NULL,
  `end time` time NOT NULL,
  `person_count` int NOT NULL,
  `snacks count` int NOT NULL DEFAULT '0',
  `water_count` int NOT NULL DEFAULT '0',
  `cake count` int NOT NULL DEFAULT '0',
  `add_ons_json` json DEFAULT NULL,
  `notes` text CHARACTER SET utf8mb4 COLLATE utf8mb4_general_ci,
  `base_charge` decimal(10,2) NOT NULL,
  `add_on_charge` decimal(10,2) NOT NULL,
  `total_charge` decimal(10,2) NOT NULL,
  `status` varchar(40) CHARACTER SET utf8mb4 COLLATE utf8mb4_general_ci NOT NULL DEFAULT 'BOOKED',
  `created_at` timestamp NULL DEFAULT CURRENT_TIMESTAMP,
  PRIMARY KEY (`id`),
  KEY `idx_partyhall_user` (`user id`),
  KEY `idx_partyhall_date` (`event date`)
) ENGINE=InnoDB AUTO_INCREMENT=3 DEFAULT CHARSET=utf8mb4 COLLATE=utf8mb4_general_ci;
/*!40101 SET character_set_client = @saved_cs_client */;

--
-- Dumping data for table `party_hall_bookings`
--

LOCK TABLES `party_hall_bookings` WRITE;
/*!40000 ALTER TABLE `party_hall_bookings` DISABLE KEYS */;
INSERT INTO `party_hall_bookings` VALUES (1,1,'Mohan M','8903003808','2026-05-22','18:00:00','21:00:00',50,50,50,1,'[\"water\", \"snacks\"]',NULL,700.00,1750.00,2450.00,'BOOKED','2026-05-21 16:10:02'),(2,1,'Mohan M','8903003808','2026-05-25','19:00:00','22:00:00',50,50,50,1,'[\"water\", \"snacks\"]',NULL,700.00,1750.00,2450.00,'CONFIRMED','2026-05-23 15:46:34');
/*!40000 ALTER TABLE `party_hall_bookings` ENABLE KEYS */;
UNLOCK TABLES;

--
-- Table structure for table `products`
--

DROP TABLE IF EXISTS `products`;
/*!40101 SET @saved_cs_client     = @@character_set_client */;
/*!50503 SET character_set_client = utf8mb4 */;
CREATE TABLE `products` (
  `id` int NOT NULL AUTO_INCREMENT,
  `E_name` varchar(150) COLLATE utf8mb4_general_ci NOT NULL COMMENT 'English Name of Product',
  `T_name` varchar(150) CHARACTER SET utf8mb4 COLLATE utf8mb4_general_ci NOT NULL COMMENT 'Tamil Name of Product',
  `MRP` decimal(10,2) NOT NULL DEFAULT '0.00' COMMENT 'Maximum Retail Price',
  `s_price` decimal(10,2) NOT NULL DEFAULT '0.00' COMMENT 'Selling Price / R_Rate Equivalent',
  `GST` int NOT NULL DEFAULT '0' COMMENT 'GST Tax Percentage Rate (0, 5, 12, 18)',
  `imageurl` text COLLATE utf8mb4_general_ci COMMENT 'Storage Engine Image URL Link',
  `category` varchar(100) COLLATE utf8mb4_general_ci NOT NULL,
  `product_type` varchar(50) COLLATE utf8mb4_general_ci DEFAULT 'other',
  `inStock` int NOT NULL DEFAULT '0' COMMENT 'Available physical quantity right now in store',
  `outStock` int NOT NULL DEFAULT '0' COMMENT 'Accumulated volume of products sold through customer checkouts',
  `isOrganic` tinyint(1) NOT NULL DEFAULT '0' COMMENT '0 = Regular, 1 = Organic Product',
  `created_at` timestamp NULL DEFAULT CURRENT_TIMESTAMP,
  `updated_at` timestamp NULL DEFAULT CURRENT_TIMESTAMP ON UPDATE CURRENT_TIMESTAMP,
  PRIMARY KEY (`id`),
  KEY `idx_prod_category` (`category`),
  KEY `idx_prod_stock` (`inStock`)
) ENGINE=InnoDB AUTO_INCREMENT=14 DEFAULT CHARSET=utf8mb4 COLLATE=utf8mb4_general_ci;
/*!40101 SET character_set_client = @saved_cs_client */;

--
-- Dumping data for table `products`
--

LOCK TABLES `products` WRITE;
/*!40000 ALTER TABLE `products` DISABLE KEYS */;
INSERT INTO `products` VALUES (1,'kollu','கொள்ளு',130.00,100.00,1,'https://static.wixstatic.com/media/c7c732_828362a1875c42fdb71eb0aaf55382d0~mv2.jpg/v1/fill/w_497,h_362,al_c,q_80,usm_0.66_1.00_0.01,enc_avif,quality_auto/c7c732_828362a1875c42fdb71eb0aaf55382d0~mv2.jpg','Groceries','solid',198,2,0,'2026-06-12 14:54:36','2026-06-20 09:13:43'),(2,'virali manjal','விரலி மஞ்சள்',100.00,90.00,1,'https://m.media-amazon.com/images/I/61VLzqAthRL._SL1500_.jpg','Groceries','solid',10,5,0,'2026-06-12 15:21:52','2026-06-25 06:26:05'),(3,'vethaa','வேதா',50.00,50.00,0,'https://vethaa.in/wp-content/uploads/2025/07/cow-milk-500ml.jpg','Dairy','liquid',93,7,0,'2026-06-12 15:49:52','2026-06-25 05:12:37'),(4,'Pedals with valai type','Pedals with valai type',6000.00,6000.00,0,'https://i.pinimg.com/736x/82/30/1c/82301c11d147a996dd8dc5b1b106a040.jpg','Garlands','other',9,3,0,'2026-06-12 16:49:19','2026-06-20 08:48:47'),(5,'tomato','tamato',40.00,40.00,0,'https://www.vegetables.co.nz/assets/Vegetables-co-nz/Vegetables/tomato__FitMaxWzYxNSw2MTVd.jpg','Vegetables','solid',95,5,0,'2026-06-12 16:52:58','2026-06-25 07:44:28'),(6,'Banana','Banana',10.00,10.00,0,'https://images.unsplash.com/photo-1571771894821-ce9b6c11b08e?q=80&w=880&auto=format&fit=crop&ixlib=rb-4.1.0&ixid=M3wxMjA3fDB8MHxwaG90by1wYWdlfHx8fGVufDB8fHx8fA%3D%3D','Fruits','other',94,6,0,'2026-06-12 16:54:39','2026-06-25 06:27:05'),(7,'Wheat','கோதுமை',60.00,60.00,0,'https://encrypted-tbn0.gstatic.com/images?q=tbn:ANd9GcSUxqmQq8RFjslUzCUHHWwz9dq7V0k5VJjUuAZ9CotWva4Ur9HXB5h7hvqWFTeXDv6dhncgjrZuBuWmA5k3FqrFdxUkUMboFAiExUDRcy1LNA&s=10','Grains','solid',92,8,0,'2026-06-12 16:56:27','2026-06-25 04:49:09'),(13,'banana leaf','வாழை இலை',5.00,5.00,0,'data:image/jpeg;base64,/9j/4AAQSkZJRgABAQAAAQABAAD/2wCEAAkGBwgHBgkIBwgKCgkLDRYPDQwMDRsUFRAWIB0iIiAdHx8kKDQsJCYxJx8fLT0tMTU3Ojo6Iys/RD84QzQ5OjcBCgoKDQwNGg8PGjclHyU3Nzc3Nzc3Nzc3Nzc3Nzc3Nzc3Nzc3Nzc3Nzc3Nzc3Nzc3Nzc3Nzc3Nzc3Nzc3Nzc3N//AABEIAGMAeAMBIgACEQEDEQH/xAAcAAABBQEBAQAAAAAAAAAAAAAAAwQFBgcBAgj/xAA+EAACAQMBAwgIAwcEAwAAAAABAgMABBEhBRIxBhNBUWFxgaEUIjKRscHR8EJSYhUjJDNDkuEHU3KygqLx/8QAGgEAAgMBAQAAAAAAAAAAAAAAAgMABAUBBv/EACkRAAICAQQBAwIHAAAAAAAAAAABAgMRBBIhMUEiMnEFURMjM0JhkdH/2gAMAwEAAhEDEQA/ANpub21tQTc3MMQH+44X41CXfLPZEKtzErXJHTEPV95+WaoItppYJEMpldiWOT6x76q99c3VvN6MbeRI06Sp17c9NVLbbFHMSq75eEaTcf6gzYLW1lFj9bk/DFK2nL15lybaItngGIrOLRmxqfVYUpl7eTfB9XOtY8r9Tl+t5FfjzNXt+V8LPuz2roetXDfSpRNvbPYZabm/+YxWXGfeRXB9odH32V6WZyhUsTkY8fsUiP1PVx8p/K/zAS1LXZrsFzDcLvQSpIP0sDStY7FPcMyczIyOOlWwRVu2Tt+8hVUuJeeUfn4++tLT/Vd/6kcfAyOpi+0XSiohOUFkN0Tyc0WOATwzUrHIkih42DKeBByDWnXfXZ7HkfGSl0z1RRRTQgoooqECiiioQyia2w+V0xwINd3g43Lld9T+Ie1/mm5tLy2OIX9UdDqT55+VKoZ84kVWP6aoRsUuzMTPLbHiCb8Kho97OV6PpTeXZeVyB0VLQSSRNncZOjOBT9eYmXXdjbrHsn6fDuqvOK8kxnoqdvbvH+6bo1HdS6QkAVYJbDdk3mXTHGkjZgMNOGlUpaZSy0A4kbaxBAd5c5HypUNuEbuad8zjAA00phJkTAZxgD4A/Ol2U7Y8HHwNL24Z3jGeD0+stv3myJhJA+8hbDwt7LfQ9tRWp5lm4tk+OlFwAxXq575Gqqc4TU12gVNxeUarsTb9ptiBXi3opODRyaEHsPTUtWVWl16LbKFGMuF/7fSrfyQ29+0FayuXzcxIHUk6uh6e8fSvQaLXO3EZ9mhTfv4fZZqKKK0iyFFFFQhizbfm2ZeS2e0wWaJt0sQdeo6dmtSNvtvZ15gRtLvnoCkfHFSH+pPJkzxftK2U78Q/eBelevw+FZ7FztuRqx7DLWHepUzcTNsjteC9uoyDiRR+tgPnXpMqcoQO1T8uFV/Zm1CmEbIU/hjH10qUlubRsbtyMn+mJGY+Krgj3UEbnIXkmrW4eFMEgp0qw0/x4edPEWK6zzB9fH8s8fDr++FVpWSLD81IAeDlVUe9sGncUzHBAPXqxPuPD3Gu5b5QSn4Y/uIipIxg/Z+RqNmtmZpSuhy2PAFR5gVLxbQDqEvk316JAPWHf1/Hvrs9nmHnbRhLGeDL0ag479K62pdnXHKyitG2X0uKIH1AobPVqSfIim0qFvR1/E5Ynv0A+BqVnQK1y5BCldzu/Dn+0+VNRbkzyO5wsMSpn9ZwQf7nPupUqk+Be0b3p3bS1RfalcuvgB82NNI7+ez5RLPZvuvAVjU9eBgj4inu0XX9qY/p2kQ3x0KQN8nzx4Uw2TZySTc7IMkasetidfd61d2uPs7Orjo1zYm2YNqQDGEnA9eMnXvHZUpWUTTiw2oGjkHqBBMAeBONe8ZFXHktyh9Pu7nZty+9cQesjfnTgfEH4itTT6tT9E/cXqr93pfZZqKKKulgSuIlmiZGAIIxg1knKzk7Jsu8LQg+iSHKaZ3D1fStgpntKxivLdo5UDAjgRVbVadXwx5XQq2vejCWUpo/Dq3tPdSttfx2/sRsxHREpGPHT41bdqcnjHKyRqrgahW447OuoSfZBXUDUdGQPjk1g4lGW2aw0ZsouL5EYts3Ejfw9lFGel3Yu3vGPOpS29JkjMs85C/mZgi/+uB51DSLJCukbadO6TjxOnlScdy3Ob3O7z9/OsB3nSj388oHdyWdXiSMurh8cSi4X3n6mlLS9mEhe1Zg2NSvrKw/VnQ++q0LmWRwVj3yv4pCZCO4cB3HNLw79yc3DyXHUm8NwHo/T7gaZlSCUuS3Ld2G0/3M5WC5PAhso+mND48DTDaFtc2bkSgc00g3mXgRknX+7yqLuXWIbl00UWR/JALMR3cfKnNjtya2Tm545Li0xwfV1HZ+YdnGuNTj0Mypd9jNyDYTzyfzbpx34Yl2Hhgiml/cmFYoEchEQzTMv4uryXP/AJVNXezob6L0zZEwYDLBM6ZOPdwqtTW0kfORzgq8rhWzphRjHuwoooWKSONNdkDPc3UjSylmX+pI2eGeA8x5VKckZ79dtJe+kMswbO+es9fZrS11bxNb28KruqxM83XgA7q/9vcKXs7Q82IlGJZnEYxw/UfvrFdm2l6eyZwuDY9i7XF+vNTBEuVXeKo28GH5l7KKyfZ2102bygju4HPNQzCPHQYh6re/1j7qKv0ayO3Fj5Rdqt3R9XZttFFFXx5HbU2el1Hwww1BHRWc8qrXaGzSbiF5GgHthScp2js+Hw1emN9s+K6Qq441X1GlhqI+rv7ibalNGBT3M92+8VZj+Ztfia9KyoBzroOxj8qve2+Rq25aS2H7snOAug8Ojwqp3mwpIwXUgoOJXo78ajxrEtrlVLbNYM6dcovDEY9pRqoUxNP1Y9UeY08BTuO9mnGEnW1THsw5DEdrcfMVEvs67GTCEYd//wAprLZ3baTJK46sYX5D40cY/ZnETibR2Za5WD+IkJ/AcLntbp8AaUkuZJCOfnWBTqIYVwx7cat4nAqFitbiIgFVt8/lyZD48f7QO+pC0tZtFtoCpJzvuuWPaBqB3nePdT8eAh2k1xZyC5sn9HdtQHbIl7x8xmpS32pYbbHo96gt7vdxg9I61PV96VELFliI8zyN7T72Qe9vxeGnaKZ3cUci5lcnGqFNDnrX6+ZpU6oy56Yal4Y/23a3Fg5cjejO6FdRoANdfEZ8TSUV96LZyXLtuy45i3HU54t4D4L10lY8oZrJvRNrjnoOAlIyV7G6q7tfYwuYxdbNfnYcY3AclQeO75DroYtxe2z+wtpH7OjfaV+kNouIV0BPSOuiubOv5rKZYLSPM0h3QMak/f31dpjhH7ZJhn0bRRRW4aIUUUVCCUsSuCCNDVe2pyeilYyQjck6CulWavLKCKjSksSQMopmY3+yGiY87EQf9yPQ1HNbOM7socHrO43j1+dald2SSqQVFVvaOwQSSgwazrfp0XzU8FSemXaKcbSeFCUtwmdcFMZpIyPIpS6Rsfl/Ce8dPjmpafZ11ak82XUfoYimMs10NGkJ/wCag/EVSlptRD92fkQ6JLpjKdiyEZUJ1dH+fHTqFRUzHfwp3OlnPHw6fHj1AU/voppATGwRvI0wsrW59JBn3Rg5BZgAKH8yPvQOya7Ebi1MkLIq4H5T09/351H7In2ps2dvQlee3V91ohqV+o7Ks18sPqNBLmUH1gFOD41YuQHJtv2hLtGcsIiBhCPaPXViqM7HsceB1SnnGBDk5fWkl7FcXFrCJQcOJF17cHroq/bV2DY7SUmaFRLjSVNGHjRVuGmupyqpLH8lxJrhE1RRRV0YFFFFQgUUUVCHDSLqpGortFdRCOuoY2GqA1DXlpbknMS0UUzHADIS7s7cE4iFIW9jasfWhB7yaKKS4rPQOB7Z7Os/SF/h041dbCNEiUIoA6hRRTIpJBIedNcoooWGf//Z','Village Specials','other',98,2,0,'2026-06-22 14:37:56','2026-06-25 04:35:12');
/*!40000 ALTER TABLE `products` ENABLE KEYS */;
UNLOCK TABLES;

--
-- Table structure for table `reviews`
--

DROP TABLE IF EXISTS `reviews`;
/*!40101 SET @saved_cs_client     = @@character_set_client */;
/*!50503 SET character_set_client = utf8mb4 */;
CREATE TABLE `reviews` (
  `id` int NOT NULL AUTO_INCREMENT,
  `order id` int DEFAULT NULL,
  `user id` int DEFAULT NULL,
  `rating` int DEFAULT NULL,
  `comment` text CHARACTER SET utf8mb4 COLLATE utf8mb4_general_ci,
  `created at` timestamp NULL DEFAULT CURRENT_TIMESTAMP,
  PRIMARY KEY (`id`)
) ENGINE=InnoDB AUTO_INCREMENT=3 DEFAULT CHARSET=utf8mb4 COLLATE=utf8mb4_general_ci;
/*!40101 SET character_set_client = @saved_cs_client */;

--
-- Dumping data for table `reviews`
--

LOCK TABLES `reviews` WRITE;
/*!40000 ALTER TABLE `reviews` DISABLE KEYS */;
INSERT INTO `reviews` VALUES (1,15,7,2,'','2026-06-07 14:41:47'),(2,17,7,4,'thankyu','2026-06-10 03:31:47');
/*!40000 ALTER TABLE `reviews` ENABLE KEYS */;
UNLOCK TABLES;

--
-- Table structure for table `system_settings`
--

DROP TABLE IF EXISTS `system_settings`;
/*!40101 SET @saved_cs_client     = @@character_set_client */;
/*!50503 SET character_set_client = utf8mb4 */;
CREATE TABLE `system_settings` (
  `id` int NOT NULL AUTO_INCREMENT,
  `setting_key` varchar(100) NOT NULL,
  `setting_value` varchar(255) NOT NULL DEFAULT 'true',
  `updated_at` timestamp NULL DEFAULT CURRENT_TIMESTAMP ON UPDATE CURRENT_TIMESTAMP,
  PRIMARY KEY (`id`),
  UNIQUE KEY `setting_key` (`setting_key`),
  KEY `idx_setting_key` (`setting_key`)
) ENGINE=InnoDB AUTO_INCREMENT=92 DEFAULT CHARSET=utf8mb4 COLLATE=utf8mb4_0900_ai_ci;
/*!40101 SET character_set_client = @saved_cs_client */;

--
-- Dumping data for table `system_settings`
--

LOCK TABLES `system_settings` WRITE;
/*!40000 ALTER TABLE `system_settings` DISABLE KEYS */;
INSERT INTO `system_settings` VALUES (1,'service_active_scooter','false','2026-06-22 14:18:03'),(2,'service_active_bike','true','2026-06-22 14:14:09'),(3,'service_active_auto','false','2026-06-22 14:18:01'),(4,'service_active_car','false','2026-06-22 14:17:29');
/*!40000 ALTER TABLE `system_settings` ENABLE KEYS */;
UNLOCK TABLES;

--
-- Table structure for table `transport_bookings`
--

DROP TABLE IF EXISTS `transport_bookings`;
/*!40101 SET @saved_cs_client     = @@character_set_client */;
/*!50503 SET character_set_client = utf8mb4 */;
CREATE TABLE `transport_bookings` (
  `id` int NOT NULL AUTO_INCREMENT,
  `user id` int NOT NULL,
  `customer_name` varchar(120) CHARACTER SET utf8mb4 COLLATE utf8mb4_general_ci NOT NULL,
  `customer_phone` varchar(25) CHARACTER SET utf8mb4 COLLATE utf8mb4_general_ci NOT NULL,
  `vehicle_type` enum('scooter','bike','auto','car') CHARACTER SET utf8mb4 COLLATE utf8mb4_general_ci NOT NULL,
  `ride_otp` varchar(6) CHARACTER SET utf8mb4 COLLATE utf8mb4_general_ci DEFAULT NULL,
  `from_address` text CHARACTER SET utf8mb4 COLLATE utf8mb4_general_ci NOT NULL,
  `from lat` double NOT NULL,
  `from_Ing` double NOT NULL,
  `to address` text CHARACTER SET utf8mb4 COLLATE utf8mb4_general_ci NOT NULL,
  `to lat` double NOT NULL,
  `to Ing` double NOT NULL,
  `distance km` decimal(10,2) NOT NULL,
  `charge_amount` decimal(10,2) NOT NULL,
  `status` varchar(40) CHARACTER SET utf8mb4 COLLATE utf8mb4_general_ci NOT NULL DEFAULT 'BOOKED',
  `notes` text CHARACTER SET utf8mb4 COLLATE utf8mb4_general_ci,
  `created at` timestamp NULL DEFAULT CURRENT_TIMESTAMP,
  `driver id` int DEFAULT NULL,
  `ride_status` enum('BOOKED','ACCEPTED','STARTED','COMPLETED') CHARACTER SET utf8mb4 COLLATE utf8mb4_general_ci DEFAULT 'BOOKED',
  `driver_id` int DEFAULT NULL,
  PRIMARY KEY (`id`),
  KEY `idx_transport_user` (`user id`),
  KEY `idx_transport_created` (`created at`)
) ENGINE=InnoDB AUTO_INCREMENT=10 DEFAULT CHARSET=utf8mb4 COLLATE=utf8mb4_general_ci;
/*!40101 SET character_set_client = @saved_cs_client */;

--
-- Dumping data for table `transport_bookings`
--

LOCK TABLES `transport_bookings` WRITE;
/*!40000 ALTER TABLE `transport_bookings` DISABLE KEYS */;
INSERT INTO `transport_bookings` VALUES (1,8,'Mohanmohan','8903003808','bike','2246','Kulithalai, Tamil Nadu 639104, India',10.9425987,78.4171909,'Ayyarmalai, Tamil Nadu 639120, India',10.8790674,78.3856447,7.86,72.88,'COMPLETED',NULL,'2026-06-20 06:30:39',1,'COMPLETED',1),(2,8,'Mohanmohan','8903003808','bike','1111','Madavilagam, Karur, Tamil Nadu 639001, India',10.9601165,78.0750137,'New Central, Bus stand Terminal, Tirumanilaiyur, Karur, Tamil Nadu 639003, India',10.9456535,78.08079719999999,1.73,23.84,'COMPLETED',NULL,'2026-06-20 06:54:32',5,'COMPLETED',5),(3,8,'Mohanmohan','8903003808','bike','2381','Kulithalai, Tamil Nadu 639104, India',10.9425987,78.4171909,'Ayyarmalai, Tamil Nadu 639120, India',10.8790674,78.3856447,7.86,72.88,'COMPLETED',NULL,'2026-06-20 07:14:15',3,'COMPLETED',3),(4,8,'Mohanmohan','8903003808','auto','3281','Murali Tower, Bus Stand, Trichy - Karur Main Rd, opposite to Hotel Gateway, Vaigai Nallur Agraharam, Kulithalai, Tamil Nadu 639104, India',10.9392364,78.42227869999999,'NH 67, 54F, NH 67, Vaigai Nallur Agraharam, Kulithalai, Tamil Nadu 639104, India',10.9427834,78.4148989,0.90,35.80,'COMPLETED',NULL,'2026-06-20 07:23:53',1,'COMPLETED',1),(5,7,'Mohan M','890565','auto','6776','Kulithalai, Tamil Nadu 639104, India',10.9425987,78.4171909,'Lalapettai, Tamil Nadu 639105, India',10.9494079,78.3372839,8.76,130.12,'BOOKED',NULL,'2026-06-22 14:03:43',NULL,'BOOKED',NULL),(6,7,'Mohan M','46464646','bike','3547','WCQ9+8JW, Anna Nagar, Vaigai Nallur Agraharam, Kulithalai, Tamil Nadu 639104, India',10.938354,78.418579,'Ayyarmalai, Tamil Nadu 639120, India',10.8790674,78.3856447,7.51,70.08,'COMPLETED',NULL,'2026-06-22 15:37:32',5,'COMPLETED',5),(7,8,'Mohanmohan','7979798','bike','4695','Thandai, Tamil Nadu 621211, India',10.9631096,78.42364549999999,'Murali Tower, Bus Stand, Trichy - Karur Main Rd, opposite to Hotel Gateway, Vaigai Nallur Agraharam, Kulithalai, Tamil Nadu 639104, India',10.9392364,78.42227869999999,2.66,31.28,'BOOKED',NULL,'2026-06-25 03:50:51',NULL,'BOOKED',NULL),(8,8,'Mohanmohan','4545','bike','5123','Kulithalai, Tamil Nadu 639104, India',10.9425987,78.4171909,'Ayyarmalai, Tamil Nadu 639120, India',10.8790674,78.3856447,7.86,72.88,'BOOKED',NULL,'2026-06-25 04:07:53',NULL,'BOOKED',NULL),(9,8,'Mohanmohan','87678687','bike','5542','Ayyarmalai, Tamil Nadu 639120, India',10.8790674,78.3856447,'Sathiyamangalam, Tamil Nadu 639120, India',10.8932726,78.3941767,1.83,24.64,'BOOKED',NULL,'2026-06-25 04:15:03',NULL,'BOOKED',NULL);
/*!40000 ALTER TABLE `transport_bookings` ENABLE KEYS */;
UNLOCK TABLES;

--
-- Table structure for table `transport_partners`
--

DROP TABLE IF EXISTS `transport_partners`;
/*!40101 SET @saved_cs_client     = @@character_set_client */;
/*!50503 SET character_set_client = utf8mb4 */;
CREATE TABLE `transport_partners` (
  `id` int NOT NULL AUTO_INCREMENT,
  `name` varchar(100) CHARACTER SET utf8mb4 COLLATE utf8mb4_general_ci DEFAULT NULL,
  `phone` varchar(15) CHARACTER SET utf8mb4 COLLATE utf8mb4_general_ci DEFAULT NULL,
  `email` varchar(100) CHARACTER SET utf8mb4 COLLATE utf8mb4_general_ci DEFAULT NULL,
  `password` varchar(255) CHARACTER SET utf8mb4 COLLATE utf8mb4_general_ci DEFAULT NULL,
  `vehicle_type` varchar(50) CHARACTER SET utf8mb4 COLLATE utf8mb4_general_ci DEFAULT NULL,
  `vehicle_number` varchar(20) CHARACTER SET utf8mb4 COLLATE utf8mb4_general_ci DEFAULT NULL,
  `license_number` varchar(50) CHARACTER SET utf8mb4 COLLATE utf8mb4_general_ci DEFAULT NULL,
  `is active` tinyint(1) DEFAULT '1',
  `is verified` tinyint(1) DEFAULT '0',
  `created at` timestamp NULL DEFAULT CURRENT_TIMESTAMP,
  `profile_image` text CHARACTER SET utf8mb4 COLLATE utf8mb4_general_ci,
  `dl_document_url` text COLLATE utf8mb4_general_ci,
  `rc_document_url` text COLLATE utf8mb4_general_ci,
  `aadhaar_document_url` text COLLATE utf8mb4_general_ci,
  `status` enum('pending','approved','rejected') CHARACTER SET utf8mb4 COLLATE utf8mb4_general_ci DEFAULT 'pending',
  `role` varchar(20) COLLATE utf8mb4_general_ci NOT NULL DEFAULT 'TRANSPORT',
  `wallet_balance` decimal(10,2) NOT NULL DEFAULT '0.00',
  `commission_due_since` timestamp NULL DEFAULT NULL,
  `pending_commission` decimal(10,2) DEFAULT '0.00',
  `commission_deadline` datetime DEFAULT NULL,
  `account_status` enum('APPROVED','PENDING','BLOCKED') COLLATE utf8mb4_general_ci DEFAULT 'APPROVED',
  PRIMARY KEY (`id`),
  UNIQUE KEY `phone` (`phone`),
  KEY `idx_transport_commission` (`account_status`,`commission_deadline`)
) ENGINE=InnoDB AUTO_INCREMENT=6 DEFAULT CHARSET=utf8mb4 COLLATE=utf8mb4_general_ci;
/*!40101 SET character_set_client = @saved_cs_client */;

--
-- Dumping data for table `transport_partners`
--

LOCK TABLES `transport_partners` WRITE;
/*!40000 ALTER TABLE `transport_partners` DISABLE KEYS */;
INSERT INTO `transport_partners` VALUES (1,'Ram','8903003808','ram@gmail.com','$2b$10$RWf1aAuc9kcEB59y.8JlNePo2rS2R2pqZu6xlACnnf3hwDg0pKi06','AUTO','TN46BU3627','DL738393IHEJDK',1,0,'2026-05-21 04:00:37','1779336037497-1000116652.jpg','1779336037502-Screenshot_20260515_210420.jpg',NULL,NULL,'approved','TRANSPORT',0.00,NULL,0.00,NULL,'APPROVED'),(2,'raja','9344936869','raja@gmail.com','$2b$10$aAXu3AtNduhNndAg1lYJE.s/h1Lu69BKbGpeamwIvEDM.mRQ7qJF.','Bike','TN01AU6573','DL8872497398hdas',1,0,'2026-06-19 08:34:18','1781858058645-DL-id.jpeg','1781858058646-Untitled design (3).png','1781858058652-Gemini_Generated_Image_omjgsromjgsromjg.png',NULL,'approved','TRANSPORT',0.00,NULL,0.00,NULL,'APPROVED'),(3,'dass','798878687686','dass@gmail.com','$2b$10$ioG5PjXnhzYCOtpFdE4oTuVRlpT8WB4D4AmGzYbcl6ZE67QzrOK4G','Bike','TN01AU6578','DL8872497398687',1,0,'2026-06-19 09:56:29','1781862989351-Untitled design (4).png','1781862989355-manojkumar1.jpeg','1781862989356-DL-id.jpeg','1781862989358-Untitled design (2).png','approved','TRANSPORT',0.00,NULL,0.00,NULL,'APPROVED'),(5,'Mohan M','8903003809','mohanmuthusamy11@gmail.com','$2b$10$3dspdlE3.ae9EJ.KpvQbq.iYMS3CJjMoguXfA14JqH7fnpsXo9fFa','Bike','TN01AU6578','DL8872497398hdas',1,0,'2026-06-22 15:01:48','1782140508795-Untitled design (3).png','1782140508797-subash.jpeg','1782140508798-Untitled design (2).png','1782140508801-Architecture1.png','approved','TRANSPORT',0.00,NULL,0.00,NULL,'APPROVED');
/*!40000 ALTER TABLE `transport_partners` ENABLE KEYS */;
UNLOCK TABLES;

--
-- Table structure for table `user_addresses`
--

DROP TABLE IF EXISTS `user_addresses`;
/*!40101 SET @saved_cs_client     = @@character_set_client */;
/*!50503 SET character_set_client = utf8mb4 */;
CREATE TABLE `user_addresses` (
  `id` int NOT NULL AUTO_INCREMENT,
  `user_id` int NOT NULL,
  `address_label` varchar(50) DEFAULT 'Home',
  `full_address` text NOT NULL,
  `landmark` varchar(255) DEFAULT NULL,
  `latitude` double DEFAULT NULL,
  `longitude` double DEFAULT NULL,
  `is_selected` tinyint(1) DEFAULT '0',
  `created_at` timestamp NULL DEFAULT CURRENT_TIMESTAMP,
  PRIMARY KEY (`id`),
  KEY `idx_user_addresses_active` (`user_id`,`is_selected`),
  CONSTRAINT `user_addresses_ibfk_1` FOREIGN KEY (`user_id`) REFERENCES `users` (`id`) ON DELETE CASCADE
) ENGINE=InnoDB AUTO_INCREMENT=6 DEFAULT CHARSET=utf8mb4 COLLATE=utf8mb4_0900_ai_ci;
/*!40101 SET character_set_client = @saved_cs_client */;

--
-- Dumping data for table `user_addresses`
--

LOCK TABLES `user_addresses` WRITE;
/*!40000 ALTER TABLE `user_addresses` DISABLE KEYS */;
INSERT INTO `user_addresses` VALUES (1,7,'Home','Ayyarmalai - Valayapatty - Kumaramangalam Road, Mettupatty, Valayapatty, Kulithalai, Karur, Tamil Nadu, 639107, India',NULL,10.867841737965717,78.39778711171006,0,'2026-06-25 05:53:55'),(2,7,'office','kulithalai',NULL,NULL,NULL,1,'2026-06-25 05:54:24'),(3,8,'Home','Anaikoundanur, Ayyarmalai, Kulithalai, Karur, Tamil Nadu, 639120, India',NULL,10.877659139306008,78.38840519598838,0,'2026-06-25 05:56:41'),(4,8,'school','Ayyarmalai - Valayapatty - Kumaramangalam Road, Mettupatty, Valayapatty, Kulithalai, Karur, Tamil Nadu, 639107, India',NULL,10.87729004218981,78.39001208391898,1,'2026-06-25 06:10:00'),(5,1,'Home','Ayyermalai',NULL,10.938354,78.418579,1,'2026-06-25 07:13:04');
/*!40000 ALTER TABLE `user_addresses` ENABLE KEYS */;
UNLOCK TABLES;

--
-- Table structure for table `users`
--

DROP TABLE IF EXISTS `users`;
/*!40101 SET @saved_cs_client     = @@character_set_client */;
/*!50503 SET character_set_client = utf8mb4 */;
CREATE TABLE `users` (
  `id` int NOT NULL AUTO_INCREMENT,
  `name` varchar(100) CHARACTER SET utf8mb4 COLLATE utf8mb4_general_ci NOT NULL,
  `username` varchar(100) CHARACTER SET utf8mb4 COLLATE utf8mb4_general_ci NOT NULL,
  `email` varchar(150) CHARACTER SET utf8mb4 COLLATE utf8mb4_general_ci NOT NULL,
  `phone` varchar(15) CHARACTER SET utf8mb4 COLLATE utf8mb4_general_ci NOT NULL,
  `password` varchar(255) CHARACTER SET utf8mb4 COLLATE utf8mb4_general_ci NOT NULL,
  `address` text CHARACTER SET utf8mb4 COLLATE utf8mb4_general_ci,
  `latitude` double DEFAULT NULL,
  `longitude` double DEFAULT NULL,
  `created at` timestamp NULL DEFAULT CURRENT_TIMESTAMP,
  `reset_otp` varchar(6) CHARACTER SET utf8mb4 COLLATE utf8mb4_general_ci DEFAULT NULL,
  `reset_otp_expiry` datetime DEFAULT NULL,
  `profile_image` varchar(255) CHARACTER SET utf8mb4 COLLATE utf8mb4_general_ci DEFAULT NULL,
  `dark mode` tinyint DEFAULT '0',
  `is_private` tinyint DEFAULT '0',
  `hide_phone` tinyint DEFAULT '0',
  `hide address` tinyint DEFAULT '0',
  `role` varchar(20) CHARACTER SET utf8mb4 COLLATE utf8mb4_general_ci NOT NULL DEFAULT 'CUSTOMER',
  PRIMARY KEY (`id`),
  UNIQUE KEY `username` (`username`),
  UNIQUE KEY `email` (`email`)
) ENGINE=InnoDB AUTO_INCREMENT=9 DEFAULT CHARSET=utf8mb4 COLLATE=utf8mb4_general_ci;
/*!40101 SET character_set_client = @saved_cs_client */;

--
-- Dumping data for table `users`
--

LOCK TABLES `users` WRITE;
/*!40000 ALTER TABLE `users` DISABLE KEYS */;
INSERT INTO `users` VALUES (1,'Mohan M','mohan115mohan.in_808','mohan115mohan.in@gmail.com','8903003808','$2b$10$pK2g02sCqx/3hO9DXtbLB.ZyNQN54dfKiMAPFGRig4dDjngUAwUsO','Ayyermalai',10.938354,78.418579,'2026-05-20 15:39:47',NULL,NULL,NULL,0,0,1,1,'CUSTOMER'),(2,'Manoj','manosoundmixing_23','manosoundmixing@gmail.com','9952386128','GOOGLE_AUTH','Karur',NULL,NULL,'2026-05-21 07:41:47',NULL,NULL,NULL,0,0,0,0,'CUSTOMER'),(3,'Samad Tanwar','tanwarsamad26_314','tanwarsamad26@gmail.com','0000000000','GOOGLE_AUTH',NULL,NULL,NULL,'2026-05-27 14:18:44',NULL,NULL,NULL,0,0,0,0,'CUSTOMER'),(4,'Md Sameer','smartboy851128_188','smartboy851128@gmail.com','0000000000','GOOGLE_AUTH',NULL,NULL,NULL,'2026-05-28 03:19:26',NULL,NULL,NULL,0,0,0,0,'CUSTOMER'),(5,'Santosh Kumbare','santosh.kumbare_877','santosh.kumbare@gmail.com','0000000000','GOOGLE_AUTH',NULL,NULL,NULL,'2026-05-30 06:50:20',NULL,NULL,NULL,0,0,0,0,'CUSTOMER'),(6,'Prasad Manne','hiprasadmanne_549','hiprasadmanne@gmail.com','0000000000','GOOGLE_AUTH',NULL,NULL,NULL,'2026-05-30 07:49:08',NULL,NULL,NULL,0,0,0,0,'CUSTOMER'),(7,'Mohan M','Mohan','mohanmuthusamy11@gmail.com','8903003808','$2b$10$AST3YloF7GdgH7Rx4VLJvurv7j0bRBBBAQud5PWPVSM55jkHlGm1K','Ayyarmalai - Valayapatty - Kumaramangalam Road, Mettupatty, Valayapatty, Kulithalai, Karur, Tamil Nadu, 639107, India',10.867841737965717,78.39778711171006,'2026-06-07 14:08:33',NULL,NULL,NULL,0,0,0,0,'CUSTOMER'),(8,'Mohanmohan','mohan123','mohan113moha@gmail.com','8903003808','$2b$10$fTMt2JGJPdoi.MuO4Iuk6ujhQdqecpAq.whCidMoxanH2UpqucWkm','Anaikoundanur, Ayyarmalai, Kulithalai, Karur, Tamil Nadu, 639120, India',10.877659139306008,78.38840519598838,'2026-06-19 07:44:16',NULL,NULL,NULL,0,0,0,0,'CUSTOMER');
/*!40000 ALTER TABLE `users` ENABLE KEYS */;
UNLOCK TABLES;
/*!40103 SET TIME_ZONE=@OLD_TIME_ZONE */;

/*!40101 SET SQL_MODE=@OLD_SQL_MODE */;
/*!40014 SET FOREIGN_KEY_CHECKS=@OLD_FOREIGN_KEY_CHECKS */;
/*!40014 SET UNIQUE_CHECKS=@OLD_UNIQUE_CHECKS */;
/*!40101 SET CHARACTER_SET_CLIENT=@OLD_CHARACTER_SET_CLIENT */;
/*!40101 SET CHARACTER_SET_RESULTS=@OLD_CHARACTER_SET_RESULTS */;
/*!40101 SET COLLATION_CONNECTION=@OLD_COLLATION_CONNECTION */;
/*!40111 SET SQL_NOTES=@OLD_SQL_NOTES */;

-- Dump completed on 2026-06-25 16:08:58
